,Age,DOB,Debuted,From,Height,Name,Weight,link
0,26 years,07/20/1993,2013,Pittsburgh,7 ft0 in/2.13m, Steven Adams ,265 lbs/120.2kg,https://www.nba.com/players/steven/adams/203500
1,22 years,07/18/1997,2017,Kentucky,6 ft10 in/2.08m, Bam Adebayo ,255 lbs/115.7kg,https://www.nba.com/players/bam/adebayo/1628389
2,22 years,02-01-1997,2018,University of Louisville,6 ft7 in/2.01m, Deng Adel ,200 lbs/90.7kg,https://www.nba.com/players/deng/adel/1629061
3,34 years,07/19/1985,2006,Texas,6 ft11 in/2.11m, LaMarcus Aldridge ,260 lbs/117.9kg,https://www.nba.com/players/lamarcus/aldridge/200746
4,20 years,09-02-1998,—,Virginia Tech,6 ft5 in/1.96m, Nickeil Alexander-Walker ,204 lbs/92.5kg,https://www.nba.com/players/nickeil/alexander-walker/1629638
5,22 years,10/21/1996,—,Tennessee,6 ft11 in/2.11m, Kyle Alexander ,220 lbs/99.8kg,https://www.nba.com/players/kyle/alexander/1629734
6,21 years,10/29/1997,2018,University of Arizona,6 ft5 in/1.96m, Rawle Alkins ,225 lbs/102.1kg,https://www.nba.com/players/rawle/alkins/1628959
7,23 years,10-08-1995,2018,Duke University,6 ft5 in/1.96m, Grayson Allen ,198 lbs/89.8kg,https://www.nba.com/players/grayson/allen/1628960
8,21 years,04/21/1998,2017,Texas,6 ft11 in/2.11m, Jarrett Allen ,237 lbs/107.5kg,https://www.nba.com/players/jarrett/allen/1628386
9,26 years,01/15/1993,2017,Arizona,6 ft3 in/1.9m, Kadeem Allen ,200 lbs/90.7kg,https://www.nba.com/players/kadeem/allen/1628443
10,28 years,09/21/1990,2010,Wake Forest,6 ft9 in/2.06m, Al-Farouq Aminu ,220 lbs/99.8kg,https://www.nba.com/players/al-farouq/aminu/202329
11,25 years,11/19/1993,2015,Virginia,6 ft6 in/1.98m, Justin Anderson ,230 lbs/104.3kg,https://www.nba.com/players/justin/anderson/1626147
12,25 years,09/20/1993,2014,UCLA,6 ft9 in/2.06m, Kyle Anderson ,230 lbs/104.3kg,https://www.nba.com/players/kyle/anderson/203937
13,24 years,12-06-1994,2013,,6 ft11 in/2.11m, Giannis Antetokounmpo ,242 lbs/109.8kg,https://www.nba.com/players/giannis/antetokounmpo/203507
14,22 years,07/17/1997,2017,Indiana,6 ft8 in/2.03m, OG Anunoby ,232 lbs/105.2kg,https://www.nba.com/players/og/anunoby/1628384
15,25 years,03/26/1994,2017,Villanova,6 ft3 in/1.9m, Ryan Arcidiacono ,200 lbs/90.7kg,https://www.nba.com/players/ryan/arcidiacono/1627853
16,34 years,06/30/1985,2004,UCLA,6 ft8 in/2.03m, Trevor Ariza ,215 lbs/97.5kg,https://www.nba.com/players/trevor/ariza/2772
17,31 years,11-10-1987,2008,Texas,6 ft0 in/1.83m, D.J. Augustin ,183 lbs/83.0kg,https://www.nba.com/players/d.j./augustin/201571
18,20 years,07/23/1998,2018,University of Arizona,7 ft1 in/2.16m, Deandre Ayton ,250 lbs/113.4kg,https://www.nba.com/players/deandre/ayton/1629028
19,23 years,08/30/1995,2017,Florida State,6 ft7 in/2.01m, Dwayne Bacon ,221 lbs/100.2kg,https://www.nba.com/players/dwayne/bacon/1628407
20,20 years,03/14/1999,2018,Duke University,6 ft11 in/2.11m, Marvin Bagley III ,234 lbs/106.1kg,https://www.nba.com/players/marvin/bagley_iii/1628963
21,21 years,10/27/1997,2017,UCLA,6 ft6 in/1.98m, Lonzo Ball ,190 lbs/86.2kg,https://www.nba.com/players/lonzo/ball/1628366
22,21 years,05-12-1998,2018,University of Texas at Austin,7 ft0 in/2.13m, Mo Bamba ,221 lbs/100.2kg,https://www.nba.com/players/mo/bamba/1628964
23,35 years,06/26/1984,2006,Northeastern,6 ft0 in/1.83m, J.J. Barea ,185 lbs/83.9kg,https://www.nba.com/players/j.j./barea/200826
24,27 years,05/30/1992,2012,North Carolina,6 ft8 in/2.03m, Harrison Barnes ,225 lbs/102.1kg,https://www.nba.com/players/harrison/barnes/203084
25,19 years,07/14/2000,—,Duke University,6 ft7 in/2.01m, RJ Barrett ,202 lbs/91.6kg,https://www.nba.com/players/rj/barrett/1629628
26,28 years,01-06-1991,2012,Memphis,6 ft6 in/1.98m, Will Barton ,190 lbs/86.2kg,https://www.nba.com/players/will/barton/203115
27,23 years,01/23/1996,2018,Ohio State University,6 ft9 in/2.06m, Keita Bates-Diop ,229 lbs/103.9kg,https://www.nba.com/players/keita/bates-diop/1628966
28,30 years,12/14/1988,2008,,6 ft8 in/2.03m, Nicolas Batum ,200 lbs/90.7kg,https://www.nba.com/players/nicolas/batum/201587
29,30 years,08/20/1988,2008,Arizona,6 ft3 in/1.9m, Jerryd Bayless ,200 lbs/90.7kg,https://www.nba.com/players/jerryd/bayless/201573
30,32 years,12-09-1986,2012,Washington State,6 ft10 in/2.08m, Aron Baynes ,260 lbs/117.9kg,https://www.nba.com/players/aron/baynes/203382
31,30 years,07-01-1989,2012,Old Dominion,6 ft5 in/1.96m, Kent Bazemore ,201 lbs/91.2kg,https://www.nba.com/players/kent/bazemore/203145
32,19 years,06-12-2000,—,,6 ft9 in/2.06m, Darius Bazley ,208 lbs/94.3kg,https://www.nba.com/players/darius/bazley/1629647
33,26 years,06/28/1993,2012,Florida,6 ft5 in/1.96m, Bradley Beal ,207 lbs/93.9kg,https://www.nba.com/players/bradley/beal/203078
34,22 years,11/26/1996,2016,Florida State,6 ft5 in/1.96m, Malik Beasley ,195 lbs/88.5kg,https://www.nba.com/players/malik/beasley/1627736
35,33 years,03/25/1986,2007,,6 ft5 in/1.96m, Marco Belinelli ,210 lbs/95.3kg,https://www.nba.com/players/marco/belinelli/201158
36,24 years,01-07-1995,2017,Oregon,6 ft9 in/2.06m, Jordan Bell ,224 lbs/101.6kg,https://www.nba.com/players/jordan/bell/1628395
37,25 years,07-04-1994,2016,"St. Joseph's, PA",6 ft6 in/1.98m, DeAndre' Bembry ,210 lbs/95.3kg,https://www.nba.com/players/deandre'/bembry/1627761
38,29 years,09-09-1989,2018,,6 ft4 in/1.93m, Dairis Bertans ,200 lbs/90.7kg,https://www.nba.com/players/dairis/bertans/1629541
39,26 years,11-12-1992,2016,,6 ft10 in/2.08m, Davis Bertans ,225 lbs/102.1kg,https://www.nba.com/players/davis/bertans/202722
40,31 years,07-12-1988,2012,Arkansas,6 ft1 in/1.85m, Patrick Beverley ,185 lbs/83.9kg,https://www.nba.com/players/patrick/beverley/201976
41,26 years,09/28/1992,2017,UNLV,6 ft9 in/2.06m, Khem Birch ,233 lbs/105.7kg,https://www.nba.com/players/khem/birch/203920
42,20 years,07/20/1999,—,,6 ft11 in/2.11m, Goga Bitadze ,245 lbs/111.1kg,https://www.nba.com/players/goga/bitadze/1629048
43,26 years,08/28/1992,2011,,6 ft9 in/2.06m, Bismack Biyombo ,255 lbs/115.7kg,https://www.nba.com/players/bismack/biyombo/202687
44,31 years,05-09-1988,2015,,6 ft10 in/2.08m, Nemanja Bjelica ,234 lbs/106.1kg,https://www.nba.com/players/nemanja/bjelica/202357
45,22 years,10-04-1996,2017,Louisiana State,6 ft4 in/1.93m, Antonio Blakeney ,192 lbs/87.1kg,https://www.nba.com/players/antonio/blakeney/1628469
46,29 years,12-09-1989,2010,Kentucky,6 ft1 in/1.85m, Eric Bledsoe ,205 lbs/93.0kg,https://www.nba.com/players/eric/bledsoe/202339
47,25 years,09/16/1993,2018,Clemson,6 ft8 in/2.03m, Jaron Blossomgame ,220 lbs/99.8kg,https://www.nba.com/players/jaron/blossomgame/1628417
48,24 years,11-04-1994,—,Xavier University,6 ft6 in/1.98m, Trevon Bluiett ,198 lbs/89.8kg,https://www.nba.com/players/trevon/bluiett/1629129
49,26 years,08/18/1992,2017,,6 ft6 in/1.98m, Bogdan Bogdanovic ,205 lbs/93.0kg,https://www.nba.com/players/bogdan/bogdanovic/203992
50,30 years,04/18/1989,2014,,6 ft8 in/2.03m, Bojan Bogdanovic ,216 lbs/98.0kg,https://www.nba.com/players/bojan/bogdanovic/202711
51,19 years,11/16/1999,—,University of Oregon,7 ft2 in/2.18m, Bol Bol ,208 lbs/94.3kg,https://www.nba.com/players/bol/bol/1629626
52,23 years,01-02-1996,2018,,6 ft10 in/2.08m, Jonah Bolden ,220 lbs/99.8kg,https://www.nba.com/players/jonah/bolden/1628413
53,21 years,11-05-1997,—,University of Tennessee,6 ft2 in/1.88m, Jordan Bone ,179 lbs/81.2kg,https://www.nba.com/players/jordan/bone/1629648
54,19 years,11-08-1999,2018,,6 ft8 in/2.03m, Isaac Bonga ,180 lbs/81.6kg,https://www.nba.com/players/isaac/bonga/1629067
55,22 years,10/30/1996,2015,Kentucky,6 ft6 in/1.98m, Devin Booker ,210 lbs/95.3kg,https://www.nba.com/players/devin/booker/1626164
56,26 years,01-11-1993,2017,Oregon,6 ft10 in/2.08m, Chris Boucher ,200 lbs/90.7kg,https://www.nba.com/players/chris/boucher/1628449
57,20 years,10-02-1998,—,,6 ft7 in/2.01m, Brian Bowen II ,190 lbs/86.2kg,https://www.nba.com/players/brian/bowen_ii/1628968
58,28 years,11/26/1990,2010,Texas,6 ft2 in/1.88m, Avery Bradley ,180 lbs/81.6kg,https://www.nba.com/players/avery/bradley/202340
59,21 years,01-08-1998,2017,North Carolina,6 ft10 in/2.08m, Tony Bradley ,248 lbs/112.5kg,https://www.nba.com/players/tony/bradley/1628396
60,23 years,06-07-1996,—,College of Charleston,6 ft7 in/2.01m, Jarrell Brantley ,250 lbs/113.4kg,https://www.nba.com/players/jarrell/brantley/1629714
61,20 years,01-08-1999,—,University of Michigan,6 ft7 in/2.01m, Ignas Brazdeikis ,221 lbs/100.2kg,https://www.nba.com/players/ignas/brazdeikis/1629649
62,33 years,03-05-1986,2007,Florida,6 ft9 in/2.06m, Corey Brewer ,186 lbs/84.4kg,https://www.nba.com/players/corey/brewer/201147
63,22 years,08/30/1996,2018,Villanova University,6 ft7 in/2.01m, Mikal Bridges ,210 lbs/95.3kg,https://www.nba.com/players/mikal/bridges/1628969
64,21 years,03/21/1998,2018,Michigan State University,6 ft7 in/2.01m, Miles Bridges ,225 lbs/102.1kg,https://www.nba.com/players/miles/bridges/1628970
65,28 years,08/23/1990,2018,—,6 ft7 in/2.01m, Ryan Broekhoff ,215 lbs/97.5kg,https://www.nba.com/players/ryan/broekhoff/1629151
66,26 years,12-11-1992,2016,Virginia,6 ft5 in/1.96m, Malcolm Brogdon ,229 lbs/103.9kg,https://www.nba.com/players/malcolm/brogdon/1627763
67,23 years,01/22/1996,2017,Oregon,6 ft6 in/1.98m, Dillon Brooks ,220 lbs/99.8kg,https://www.nba.com/players/dillon/brooks/1628415
68,19 years,07/28/1999,2018,University of Oregon,6 ft7 in/2.01m, Troy Brown Jr. ,215 lbs/97.5kg,https://www.nba.com/players/troy/brown_jr./1628972
69,22 years,08/15/1996,2018,University of Miami,6 ft5 in/1.96m, Bruce Brown ,202 lbs/91.6kg,https://www.nba.com/players/bruce/brown/1628971
70,22 years,02-02-1997,—,—,6 ft7 in/2.01m, Charles Brown ,199 lbs/90.3kg,https://www.nba.com/players/charles/brown/1629718
71,22 years,10/24/1996,2016,California,6 ft7 in/2.01m, Jaylen Brown ,220 lbs/99.8kg,https://www.nba.com/players/jaylen/brown/1627759
72,24 years,02-10-1995,2017,Southern Methodist,6 ft6 in/1.98m, Sterling Brown ,232 lbs/105.2kg,https://www.nba.com/players/sterling/brown/1628425
73,22 years,08/31/1996,2018,Villanova University,6 ft3 in/1.9m, Jalen Brunson ,190 lbs/86.2kg,https://www.nba.com/players/jalen/brunson/1628973
74,21 years,07/31/1997,2017,Indiana,6 ft11 in/2.11m, Thomas Bryant ,248 lbs/112.5kg,https://www.nba.com/players/thomas/bryant/1628418
75,28 years,03/16/1991,2013,North Carolina,6 ft7 in/2.01m, Reggie Bullock ,205 lbs/93.0kg,https://www.nba.com/players/reggie/bullock/203493
76,26 years,11-12-1992,2013,Michigan,6 ft1 in/1.85m, Trey Burke ,175 lbs/79.4kg,https://www.nba.com/players/trey/burke/203504
77,28 years,07/20/1991,2011,Colorado,6 ft6 in/1.98m, Alec Burks ,214 lbs/97.1kg,https://www.nba.com/players/alec/burks/202692
78,25 years,01/31/1994,2018,Iowa State,6 ft5 in/1.96m, Deonte Burton ,245 lbs/111.1kg,https://www.nba.com/players/deonte/burton/1629126
79,29 years,09/14/1989,2011,Marquette,6 ft8 in/2.03m, Jimmy Butler ,232 lbs/105.2kg,https://www.nba.com/players/jimmy/butler/202710
80,23 years,09/21/1995,2014,Brazil,6 ft9 in/2.06m, Bruno Caboclo ,218 lbs/98.9kg,https://www.nba.com/players/bruno/caboclo/203998
81,22 years,10-08-1996,—,North Carolina-Wilmington,6 ft7 in/2.01m, Devontae Cacok ,240 lbs/108.9kg,https://www.nba.com/players/devontae/cacok/1629719
82,37 years,09/28/1981,2005,,6 ft3 in/1.9m, Jose Calderon ,200 lbs/90.7kg,https://www.nba.com/players/jose/calderon/101181
83,26 years,02/18/1993,2013,Georgia,6 ft5 in/1.96m, Kentavious Caldwell-Pope ,205 lbs/93.0kg,https://www.nba.com/players/kentavious/caldwell-pope/203484
84,25 years,05/18/1994,2014,Switzerland,6 ft10 in/2.08m, Clint Capela ,240 lbs/108.9kg,https://www.nba.com/players/clint/capela/203991
85,32 years,07/27/1986,2009,Missouri,6 ft8 in/2.03m, DeMarre Carroll ,215 lbs/97.5kg,https://www.nba.com/players/demarre/carroll/201960
86,20 years,04/16/1999,2018,Duke University,6 ft10 in/2.08m, Wendell Carter Jr. ,255 lbs/115.7kg,https://www.nba.com/players/wendell/carter_jr./1628976
87,27 years,10-10-1991,2013,Syracuse,6 ft6 in/1.98m, Michael Carter-Williams ,190 lbs/86.2kg,https://www.nba.com/players/michael/carter-williams/203487
88,23 years,09/14/1995,2018,West Virginia University,6 ft2 in/1.88m, Jevon Carter ,195 lbs/88.5kg,https://www.nba.com/players/jevon/carter/1628975
89,42 years,01/26/1977,1998,North Carolina,6 ft6 in/1.98m, Vince Carter ,220 lbs/99.8kg,https://www.nba.com/players/vince/carter/1713
90,25 years,02/28/1994,2017,Texas A&M,6 ft5 in/1.96m, Alex Caruso ,186 lbs/84.4kg,https://www.nba.com/players/alex/caruso/1627936
91,25 years,08/18/1993,2015,Kentucky,7 ft0 in/2.13m, Willie Cauley-Stein ,240 lbs/108.9kg,https://www.nba.com/players/willie/cauley-stein/1626161
92,23 years,11/29/1995,2018,Cincinnati,6 ft4 in/1.93m, Troy Caupain ,210 lbs/95.3kg,https://www.nba.com/players/troy/caupain/1628505
93,25 years,02-09-1994,2017,George Washington,6 ft9 in/2.06m, Tyler Cavanaugh ,238 lbs/108.0kg,https://www.nba.com/players/tyler/cavanaugh/1628463
94,36 years,10-02-1982,2001,No College,7 ft1 in/2.16m, Tyson Chandler ,240 lbs/108.9kg,https://www.nba.com/players/tyson/chandler/2199
95,32 years,05-10-1987,2007,DePaul,6 ft9 in/2.06m, Wilson Chandler ,225 lbs/102.1kg,https://www.nba.com/players/wilson/chandler/201163
96,23 years,11-01-1995,2018,College of Charleston,6 ft3 in/1.9m, Joe Chealey ,190 lbs/86.2kg,https://www.nba.com/players/joe/chealey/1629147
97,23 years,11/21/1995,2018,University of Florida,6 ft0 in/1.83m, Chris Chiozza ,175 lbs/79.4kg,https://www.nba.com/players/chris/chiozza/1629185
98,22 years,07-02-1997,2016,Washington,6 ft10 in/2.08m, Marquese Chriss ,240 lbs/108.9kg,https://www.nba.com/players/marquese/chriss/1627737
99,22 years,09/19/1996,—,Gonzaga University,6 ft8 in/2.03m, Brandon Clarke ,207 lbs/93.9kg,https://www.nba.com/players/brandon/clarke/1629634
100,24 years,11/16/1994,2018,University of Cincinnati,6 ft8 in/2.03m, Gary Clark ,225 lbs/102.1kg,https://www.nba.com/players/gary/clark/1629109
101,28 years,03-07-1991,2013,Belmont,6 ft3 in/1.9m, Ian Clark ,175 lbs/79.4kg,https://www.nba.com/players/ian/clark/203546
102,27 years,06-07-1992,2014,Missouri,6 ft5 in/1.96m, Jordan Clarkson ,194 lbs/88.0kg,https://www.nba.com/players/jordan/clarkson/203903
103,20 years,04/17/1999,—,University of Georgia,6 ft11 in/2.11m, Nicolas Claxton ,220 lbs/99.8kg,https://www.nba.com/players/nicolas/claxton/1629651
104,21 years,07/23/1997,—,Campbell University,5 ft9 in/1.75m, Chris Clemons ,180 lbs/81.6kg,https://www.nba.com/players/chris/clemons/1629598
105,22 years,06/17/1997,—,University of Minnesota,6 ft8 in/2.03m, Amir Coffey ,210 lbs/95.3kg,https://www.nba.com/players/amir/coffey/1629599
106,21 years,09/23/1997,2017,Wake Forest,6 ft10 in/2.08m, John Collins ,235 lbs/106.6kg,https://www.nba.com/players/john/collins/1628381
107,21 years,11/19/1997,2017,Gonzaga,7 ft0 in/2.13m, Zach Collins ,235 lbs/106.6kg,https://www.nba.com/players/zach/collins/1628380
108,23 years,01-12-1996,2018,Notre Dame,6 ft6 in/1.98m, Bonzie Colson ,225 lbs/102.1kg,https://www.nba.com/players/bonzie/colson/1629045
109,31 years,10-11-1987,2007,Ohio State,6 ft1 in/1.85m, Mike Conley ,175 lbs/79.4kg,https://www.nba.com/players/mike/conley/201144
110,26 years,01-06-1993,2015,Notre Dame,6 ft4 in/1.93m, Pat Connaughton ,209 lbs/94.8kg,https://www.nba.com/players/pat/connaughton/1626192
111,26 years,03/23/1993,2016,Duke,6 ft2 in/1.88m, Quinn Cook ,179 lbs/81.2kg,https://www.nba.com/players/quinn/cook/1626188
112,28 years,08/13/1990,2010,Kentucky,6 ft11 in/2.11m, DeMarcus Cousins ,270 lbs/122.5kg,https://www.nba.com/players/demarcus/cousins/202326
113,28 years,12/14/1990,2013,Tennessee State,6 ft9 in/2.06m, Robert Covington ,225 lbs/102.1kg,https://www.nba.com/players/robert/covington/203496
114,27 years,04-09-1992,2013,California,6 ft6 in/1.98m, Allen Crabbe ,212 lbs/96.2kg,https://www.nba.com/players/allen/crabbe/203459
115,28 years,12/19/1990,2017,South Carolina Upstate,6 ft7 in/2.01m, Torrey Craig ,215 lbs/97.5kg,https://www.nba.com/players/torrey/craig/1628470
116,39 years,03/20/1980,2000,Michigan,6 ft5 in/1.96m, Jamal Crawford ,185 lbs/83.9kg,https://www.nba.com/players/jamal/crawford/2037
117,27 years,04/27/1992,2018,,6 ft6 in/1.98m, Mitchell Creek ,225 lbs/102.1kg,https://www.nba.com/players/mitchell/creek/1628249
118,29 years,07-06-1990,2012,Marquette,6 ft6 in/1.98m, Jae Crowder ,235 lbs/106.6kg,https://www.nba.com/players/jae/crowder/203109
119,20 years,02/20/1999,—,Texas Tech University,6 ft7 in/2.01m, Jarrett Culver ,195 lbs/88.5kg,https://www.nba.com/players/jarrett/culver/1629633
120,32 years,04/22/1987,2009,Villanova,6 ft8 in/2.03m, Dante Cunningham ,230 lbs/104.3kg,https://www.nba.com/players/dante/cunningham/201967
121,28 years,08/23/1990,2013,Duke,6 ft2 in/1.88m, Seth Curry ,185 lbs/83.9kg,https://www.nba.com/players/seth/curry/203552
122,31 years,03/14/1988,2009,Davidson,6 ft3 in/1.9m, Stephen Curry ,190 lbs/86.2kg,https://www.nba.com/players/stephen/curry/201939
123,28 years,07/15/1991,2013,Va Commonwealth,6 ft4 in/1.93m, Troy Daniels ,205 lbs/93.0kg,https://www.nba.com/players/troy/daniels/203584
124,26 years,03-11-1993,2012,Kentucky,6 ft10 in/2.08m, Anthony Davis ,253 lbs/114.8kg,https://www.nba.com/players/anthony/davis/203076
125,22 years,12-02-1996,2016,Michigan State,6 ft11 in/2.11m, Deyonta Davis ,237 lbs/107.5kg,https://www.nba.com/players/deyonta/davis/1627738
126,30 years,06-05-1989,2010,North Carolina,6 ft10 in/2.08m, Ed Davis ,225 lbs/102.1kg,https://www.nba.com/players/ed/davis/202334
127,22 years,05/16/1997,—,University of Mississippi,6 ft4 in/1.93m, Terence Davis ,205 lbs/93.0kg,https://www.nba.com/players/terence/davis/1629056
128,29 years,08-12-1989,2013,USC,7 ft0 in/2.13m, Dewayne Dedmon ,245 lbs/111.1kg,https://www.nba.com/players/dewayne/dedmon/203473
129,24 years,11/20/1994,2018,Seton Hall University,6 ft10 in/2.08m, Angel Delgado ,245 lbs/111.1kg,https://www.nba.com/players/angel/delgado/1629116
130,28 years,09-08-1990,2013,St. Mary's (CA),6 ft4 in/1.93m, Matthew Dellavedova ,200 lbs/90.7kg,https://www.nba.com/players/matthew/dellavedova/203521
131,34 years,04/16/1985,2004,Duke,6 ft9 in/2.06m, Luol Deng ,237 lbs/107.5kg,https://www.nba.com/players/luol/deng/2736
132,29 years,08-07-1989,2009,USC,6 ft7 in/2.01m, DeMar DeRozan ,220 lbs/99.8kg,https://www.nba.com/players/demar/derozan/201942
133,23 years,02-01-1996,2018,Georgetown University,6 ft7 in/2.01m, Marcus Derrickson ,249 lbs/112.9kg,https://www.nba.com/players/marcus/derrickson/1629094
134,22 years,09/13/1996,2016,Kansas,6 ft9 in/2.06m, Cheick Diallo ,220 lbs/99.8kg,https://www.nba.com/players/cheick/diallo/1627767
135,20 years,07/31/1998,2018,University of Kentucky,6 ft5 in/1.96m, Hamidou Diallo ,198 lbs/89.8kg,https://www.nba.com/players/hamidou/diallo/1628977
136,29 years,01/18/1990,2013,Louisville,6 ft11 in/2.11m, Gorgui Dieng ,252 lbs/114.3kg,https://www.nba.com/players/gorgui/dieng/203476
137,26 years,04-06-1993,2014,Colorado,6 ft6 in/1.98m, Spencer Dinwiddie ,210 lbs/95.3kg,https://www.nba.com/players/spencer/dinwiddie/203915
138,22 years,01/31/1997,2018,Villanova University,6 ft4 in/1.93m, Donte DiVincenzo ,203 lbs/92.1kg,https://www.nba.com/players/donte/divincenzo/1628978
139,20 years,02/28/1999,2018,,6 ft7 in/2.01m, Luka Doncic ,218 lbs/98.9kg,https://www.nba.com/players/luka/doncic/1629029
140,23 years,02/18/1996,2017,Oregon,6 ft5 in/1.96m, Tyler Dorsey ,183 lbs/83.0kg,https://www.nba.com/players/tyler/dorsey/1628416
141,20 years,04/19/1999,—,Arizona State University,6 ft4 in/1.93m, Luguentz Dort ,222 lbs/100.7kg,https://www.nba.com/players/luguentz/dort/1629652
142,25 years,05-06-1994,2017,Houston,6 ft6 in/1.98m, Damyean Dotson ,210 lbs/95.3kg,https://www.nba.com/players/damyean/dotson/1628422
143,18 years,12/23/2000,—,,6 ft9 in/2.06m, Sekou Doumbouya ,209 lbs/94.8kg,https://www.nba.com/players/sekou/doumbouya/1629635
144,33 years,05-06-1986,2008,,6 ft3 in/1.9m, Goran Dragic ,190 lbs/86.2kg,https://www.nba.com/players/goran/dragic/201609
145,25 years,08-10-1993,2012,Connecticut,6 ft11 in/2.11m, Andre Drummond ,279 lbs/126.6kg,https://www.nba.com/players/andre/drummond/203083
146,34 years,07-10-1985,2007,Boston College,6 ft7 in/2.01m, Jared Dudley ,237 lbs/107.5kg,https://www.nba.com/players/jared/dudley/201162
147,25 years,03/18/1994,2016,Providence,6 ft4 in/1.93m, Kris Dunn ,205 lbs/93.0kg,https://www.nba.com/players/kris/dunn/1627739
148,30 years,09/29/1988,2007,Texas,6 ft9 in/2.06m, Kevin Durant ,240 lbs/108.9kg,https://www.nba.com/players/kevin/durant/201142
149,20 years,08-03-1998,2018,Duke University,6 ft2 in/1.88m, Trevon Duval ,189 lbs/85.7kg,https://www.nba.com/players/trevon/duval/1628979
150,21 years,03-12-1998,—,Purdue University,6 ft0 in/1.83m, Carsen Edwards ,199 lbs/90.3kg,https://www.nba.com/players/carsen/edwards/1629035
151,23 years,04-05-1996,2018,Purdue University,6 ft8 in/2.03m, Vincent Edwards ,225 lbs/102.1kg,https://www.nba.com/players/vincent/edwards/1629053
152,22 years,01/13/1997,2016,Marquette,6 ft11 in/2.11m, Henry Ellenson ,245 lbs/111.1kg,https://www.nba.com/players/henry/ellenson/1627740
153,31 years,11/29/1987,2009,North Carolina,6 ft5 in/1.96m, Wayne Ellington ,200 lbs/90.7kg,https://www.nba.com/players/wayne/ellington/201961
154,25 years,03/16/1994,2016,Kansas,7 ft0 in/2.13m, Joel Embiid ,250 lbs/113.4kg,https://www.nba.com/players/joel/embiid/203954
155,29 years,07-01-1990,2014,Cal State-Long Beach,6 ft7 in/2.01m, James Ennis III ,210 lbs/95.3kg,https://www.nba.com/players/james/ennis_iii/203516
156,22 years,02-01-1997,2018,—,6 ft10 in/2.08m, Drew Eubanks ,245 lbs/111.1kg,https://www.nba.com/players/drew/eubanks/1629234
157,22 years,06/18/1997,2018,University of Cincinnati,6 ft6 in/1.98m, Jacob Evans ,210 lbs/95.3kg,https://www.nba.com/players/jacob/evans/1628980
158,22 years,07/26/1996,2017,Oklahoma State,6 ft0 in/1.83m, Jawun Evans ,190 lbs/86.2kg,https://www.nba.com/players/jawun/evans/1628393
159,24 years,07/13/1995,2014,,6 ft6 in/1.98m, Dante Exum ,190 lbs/86.2kg,https://www.nba.com/players/dante/exum/203957
160,29 years,11/19/1989,2011,Morehead State,6 ft8 in/2.03m, Kenneth Faried ,220 lbs/99.8kg,https://www.nba.com/players/kenneth/faried/202702
161,28 years,07/15/1991,2010,Georgia Tech,6 ft10 in/2.08m, Derrick Favors ,265 lbs/120.2kg,https://www.nba.com/players/derrick/favors/202324
162,27 years,07-07-1992,2015,,6 ft10 in/2.08m, Cristiano Felicio ,265 lbs/120.2kg,https://www.nba.com/players/cristiano/felicio/1626245
163,35 years,06/26/1984,2005,North Carolina,6 ft1 in/1.85m, Raymond Felton ,205 lbs/93.0kg,https://www.nba.com/players/raymond/felton/101109
164,21 years,05/17/1998,2017,,6 ft7 in/2.01m, Terrance Ferguson ,190 lbs/86.2kg,https://www.nba.com/players/terrance/ferguson/1628390
165,20 years,08/15/1998,—,University of Maryland,6 ft10 in/2.08m, Bruno Fernando ,233 lbs/105.7kg,https://www.nba.com/players/bruno/fernando/1628981
166,26 years,05-09-1993,2016,Indiana,6 ft0 in/1.83m, Yogi Ferrell ,180 lbs/81.6kg,https://www.nba.com/players/yogi/ferrell/1627812
167,26 years,05-04-1993,2016,Florida,6 ft8 in/2.03m, Dorian Finney-Smith ,220 lbs/99.8kg,https://www.nba.com/players/dorian/finney-smith/1627827
168,25 years,07/23/1993,2016,Michigan State,6 ft3 in/1.9m, Bryn Forbes ,190 lbs/86.2kg,https://www.nba.com/players/bryn/forbes/1627854
169,26 years,10/29/1992,2012,,6 ft7 in/2.01m, Evan Fournier ,205 lbs/93.0kg,https://www.nba.com/players/evan/fournier/203095
170,21 years,12/20/1997,2017,Kentucky,6 ft3 in/1.9m, De'Aaron Fox ,175 lbs/79.4kg,https://www.nba.com/players/de'aaron/fox/1628368
171,22 years,12/18/1996,—,Washington State University,6 ft9 in/2.06m, Robert Franks ,225 lbs/102.1kg,https://www.nba.com/players/robert/franks/1629606
172,22 years,08/30/1996,2018,Tulane University,6 ft6 in/1.98m, Melvin Frazier Jr. ,200 lbs/90.7kg,https://www.nba.com/players/melvin/frazier_jr./1628982
173,25 years,03-08-1994,—,Florida,6 ft4 in/1.93m, Michael Frazier ,200 lbs/90.7kg,https://www.nba.com/players/michael/frazier/1626187
174,28 years,11-01-1990,2014,Penn State,6 ft1 in/1.85m, Tim Frazier ,170 lbs/77.1kg,https://www.nba.com/players/tim/frazier/204025
175,30 years,02/25/1989,2011,Brigham Young,6 ft2 in/1.88m, Jimmer Fredette ,195 lbs/88.5kg,https://www.nba.com/players/jimmer/fredette/202690
176,36 years,05/17/1983,2005,Arizona,7 ft0 in/2.13m, Channing Frye ,255 lbs/115.7kg,https://www.nba.com/players/channing/frye/101112
177,21 years,05/29/1998,2017,Washington,6 ft4 in/1.93m, Markelle Fultz ,200 lbs/90.7kg,https://www.nba.com/players/markelle/fultz/1628365
178,22 years,03/26/1997,—,University of Kentucky,6 ft9 in/2.06m, Wenyen Gabriel ,205 lbs/93.0kg,https://www.nba.com/players/wenyen/gabriel/1629117
179,20 years,10-01-1998,—,University of Arkansas,6 ft11 in/2.11m, Daniel Gafford ,238 lbs/108.0kg,https://www.nba.com/players/daniel/gafford/1629655
180,30 years,08-08-1988,2008,,6 ft10 in/2.08m, Danilo Gallinari ,225 lbs/102.1kg,https://www.nba.com/players/danilo/gallinari/201568
181,27 years,12-09-1991,2014,"St. Joseph's, PA",6 ft2 in/1.88m, Langston Galloway ,200 lbs/90.7kg,https://www.nba.com/players/langston/galloway/204038
182,19 years,01/26/2000,—,Vanderbilt University,6 ft2 in/1.88m, Darius Garland ,175 lbs/79.4kg,https://www.nba.com/players/darius/garland/1629636
183,24 years,10/16/1994,2018,DePaul University,6 ft6 in/1.98m, Billy Garrett ,215 lbs/97.5kg,https://www.nba.com/players/billy/garrett/1628656
184,34 years,01/29/1985,2008,,7 ft1 in/2.16m, Marc Gasol ,255 lbs/115.7kg,https://www.nba.com/players/marc/gasol/201188
185,39 years,07-06-1980,2001,,7 ft0 in/2.13m, Pau Gasol ,250 lbs/113.4kg,https://www.nba.com/players/pau/gasol/2200
186,32 years,08/17/1986,2006,Connecticut,6 ft8 in/2.03m, Rudy Gay ,230 lbs/104.3kg,https://www.nba.com/players/rudy/gay/200752
187,29 years,05-02-1990,2010,Fresno State,6 ft9 in/2.06m, Paul George ,220 lbs/99.8kg,https://www.nba.com/players/paul/george/202331
188,31 years,11-08-1987,2016,New Mexico State,6 ft2 in/1.88m, Jonathan Gibson ,185 lbs/83.9kg,https://www.nba.com/players/jonathan/gibson/1626780
189,34 years,06/24/1985,2009,USC,6 ft9 in/2.06m, Taj Gibson ,232 lbs/105.2kg,https://www.nba.com/players/taj/gibson/201959
190,21 years,04/22/1998,2018,Duke,6 ft10 in/2.08m, Harry Giles III ,240 lbs/108.9kg,https://www.nba.com/players/harry/giles_iii/1628385
191,21 years,07-12-1998,2018,University of Kentucky,6 ft6 in/1.98m, Shai Gilgeous-Alexander ,181 lbs/82.1kg,https://www.nba.com/players/shai/gilgeous-alexander/1628983
192,27 years,06/26/1992,2013,France,7 ft1 in/2.16m, Rudy Gobert ,245 lbs/111.1kg,https://www.nba.com/players/rudy/gobert/203497
193,23 years,10-02-1995,2018,—,6 ft2 in/1.88m, Brandon Goodwin ,180 lbs/81.6kg,https://www.nba.com/players/brandon/goodwin/1629164
194,23 years,09/16/1995,2014,Arizona,6 ft9 in/2.06m, Aaron Gordon ,220 lbs/99.8kg,https://www.nba.com/players/aaron/gordon/203932
195,30 years,12/25/1988,2008,Indiana,6 ft4 in/1.93m, Eric Gordon ,215 lbs/97.5kg,https://www.nba.com/players/eric/gordon/201569
196,24 years,02/22/1995,2018,University of Kansas,6 ft2 in/1.88m, Devonte' Graham ,185 lbs/83.9kg,https://www.nba.com/players/devonte'/graham/1628984
197,25 years,10/28/1993,2016,Va Commonwealth,6 ft5 in/1.96m, Treveon Graham ,225 lbs/102.1kg,https://www.nba.com/players/treveon/graham/1626203
198,24 years,03/19/1995,2018,Clemson University,6 ft8 in/2.03m, Donte Grantham ,215 lbs/97.5kg,https://www.nba.com/players/donte/grantham/1629055
199,25 years,03-12-1994,2014,Syracuse,6 ft9 in/2.06m, Jerami Grant ,220 lbs/99.8kg,https://www.nba.com/players/jerami/grant/203924
200,26 years,10-09-1992,2015,Notre Dame,6 ft4 in/1.93m, Jerian Grant ,205 lbs/93.0kg,https://www.nba.com/players/jerian/grant/1626170
201,32 years,06/22/1987,2009,North Carolina,6 ft6 in/1.98m, Danny Green ,215 lbs/97.5kg,https://www.nba.com/players/danny/green/201980
202,29 years,03-04-1990,2012,Michigan State,6 ft7 in/2.01m, Draymond Green ,230 lbs/104.3kg,https://www.nba.com/players/draymond/green/203110
203,33 years,01/26/1986,2005,No College,6 ft7 in/2.01m, Gerald Green ,205 lbs/93.0kg,https://www.nba.com/players/gerald/green/101123
204,29 years,06/21/1990,2014,Alabama,6 ft9 in/2.06m, JaMychal Green ,227 lbs/103.0kg,https://www.nba.com/players/jamychal/green/203210
205,32 years,08/28/1986,2007,Georgetown,6 ft9 in/2.06m, Jeff Green ,235 lbs/106.6kg,https://www.nba.com/players/jeff/green/201145
206,30 years,03/16/1989,2010,Oklahoma,6 ft10 in/2.08m, Blake Griffin ,250 lbs/113.4kg,https://www.nba.com/players/blake/griffin/201933
207,21 years,08-11-1997,—,University of Virginia,6 ft1 in/1.85m, Kyle Guy ,167 lbs/75.8kg,https://www.nba.com/players/kyle/guy/1629657
208,21 years,02-08-1998,—,Gonzaga University,6 ft8 in/2.03m, Rui Hachimura ,230 lbs/104.3kg,https://www.nba.com/players/rui/hachimura/1629060
209,20 years,02-12-1999,—,UCLA,6 ft3 in/1.9m, Jaylen Hands ,175 lbs/79.4kg,https://www.nba.com/players/jaylen/hands/1628986
210,27 years,03/16/1992,2013,Michigan,6 ft6 in/1.98m, Tim Hardaway Jr. ,205 lbs/93.0kg,https://www.nba.com/players/tim/hardaway_jr./203501
211,29 years,08/26/1989,2009,Arizona State,6 ft5 in/1.96m, James Harden ,220 lbs/99.8kg,https://www.nba.com/players/james/harden/201935
212,26 years,05-11-1993,2012,"St. John's, N.Y.",6 ft9 in/2.06m, Maurice Harkless ,220 lbs/99.8kg,https://www.nba.com/players/maurice/harkless/203090
213,25 years,01/26/1994,2015,Louisville,6 ft8 in/2.03m, Montrezl Harrell ,240 lbs/108.9kg,https://www.nba.com/players/montrezl/harrell/1626149
214,36 years,02/27/1983,2004,Wisconsin,6 ft3 in/1.9m, Devin Harris ,185 lbs/83.9kg,https://www.nba.com/players/devin/harris/2734
215,24 years,09/14/1994,2014,Michigan State,6 ft4 in/1.93m, Gary Harris ,210 lbs/95.3kg,https://www.nba.com/players/gary/harris/203914
216,27 years,09-06-1991,2014,Virginia,6 ft6 in/1.98m, Joe Harris ,218 lbs/98.9kg,https://www.nba.com/players/joe/harris/203925
217,25 years,10-06-1993,2017,Tulsa,6 ft4 in/1.93m, Shaquille Harrison ,190 lbs/86.2kg,https://www.nba.com/players/shaquille/harrison/1627885
218,27 years,07/15/1992,2011,Tennessee,6 ft9 in/2.06m, Tobias Harris ,235 lbs/106.6kg,https://www.nba.com/players/tobias/harris/202699
219,21 years,05-05-1998,2018,,7 ft0 in/2.13m, Isaiah Hartenstein ,249 lbs/112.9kg,https://www.nba.com/players/isaiah/hartenstein/1628392
220,24 years,03-06-1995,2017,Villanova,6 ft5 in/1.96m, Josh Hart ,215 lbs/97.5kg,https://www.nba.com/players/josh/hart/1628404
221,39 years,06-09-1980,2003,Florida,6 ft8 in/2.03m, Udonis Haslem ,235 lbs/106.6kg,https://www.nba.com/players/udonis/haslem/2617
222,19 years,05/23/2000,—,Texas,6 ft11 in/2.11m, Jaxson Hayes ,220 lbs/99.8kg,https://www.nba.com/players/jaxson/hayes/1629637
223,29 years,03/23/1990,2010,Butler,6 ft8 in/2.03m, Gordon Hayward ,225 lbs/102.1kg,https://www.nba.com/players/gordon/hayward/202330
224,28 years,12/28/1990,2012,North Carolina,6 ft11 in/2.11m, John Henson ,219 lbs/99.3kg,https://www.nba.com/players/john/henson/203089
225,22 years,12-09-1996,—,University of Miami,6 ft10 in/2.08m, Dewan Hernandez ,233 lbs/105.7kg,https://www.nba.com/players/dewan/hernandez/1629608
226,23 years,09/28/1995,2016,,6 ft9 in/2.06m, Juancho Hernangomez ,230 lbs/104.3kg,https://www.nba.com/players/juancho/hernangomez/1627823
227,25 years,05/27/1994,2016,,6 ft11 in/2.11m, Willy Hernangomez ,240 lbs/108.9kg,https://www.nba.com/players/willy/hernangomez/1626195
228,19 years,01/20/2000,—,University of Kentucky,6 ft6 in/1.98m, Tyler Herro ,195 lbs/88.5kg,https://www.nba.com/players/tyler/herro/1629639
229,24 years,02/25/1995,2015,,6 ft8 in/2.03m, Mario Hezonja ,225 lbs/102.1kg,https://www.nba.com/players/mario/hezonja/1626209
230,24 years,07/24/1994,2017,North Carolina,6 ft9 in/2.06m, Isaiah Hicks ,230 lbs/104.3kg,https://www.nba.com/players/isaiah/hicks/1628439
231,26 years,12/17/1992,2016,Oklahoma,6 ft4 in/1.93m, Buddy Hield ,214 lbs/97.1kg,https://www.nba.com/players/buddy/hield/1627741
232,33 years,05-04-1986,2008,IUPUI,6 ft3 in/1.9m, George Hill ,188 lbs/85.3kg,https://www.nba.com/players/george/hill/201588
233,28 years,03/18/1991,2013,Arizona,6 ft7 in/2.01m, Solomon Hill ,225 lbs/102.1kg,https://www.nba.com/players/solomon/hill/203524
234,20 years,03/30/1999,—,Wake Forest University,6 ft9 in/2.06m, Jaylen Hoard ,213 lbs/96.6kg,https://www.nba.com/players/jaylen/hoard/1629658
235,22 years,09/30/1996,2018,UCLA,6 ft1 in/1.85m, Aaron Holiday ,185 lbs/83.9kg,https://www.nba.com/players/aaron/holiday/1628988
236,29 years,06-12-1990,2009,UCLA,6 ft4 in/1.93m, Jrue Holiday ,205 lbs/93.0kg,https://www.nba.com/players/jrue/holiday/201950
237,30 years,04-05-1989,2012,Washington,6 ft6 in/1.98m, Justin Holiday ,181 lbs/82.1kg,https://www.nba.com/players/justin/holiday/203200
238,24 years,01-03-1995,2015,Arizona,6 ft7 in/2.01m, Rondae Hollis-Jefferson ,217 lbs/98.4kg,https://www.nba.com/players/rondae/hollis-jefferson/1626178
239,22 years,07-11-1997,—,Mississippi State University,6 ft10 in/2.08m, Aric Holman ,225 lbs/102.1kg,https://www.nba.com/players/aric/holman/1629689
240,25 years,10/15/1993,2015,Bowling Green,6 ft10 in/2.08m, Richaun Holmes ,235 lbs/106.6kg,https://www.nba.com/players/richaun/holmes/1626158
241,26 years,10/20/1992,2014,Duke,6 ft8 in/2.03m, Rodney Hood ,206 lbs/93.4kg,https://www.nba.com/players/rodney/hood/203918
242,33 years,06-03-1986,2007,Florida,6 ft10 in/2.08m, Al Horford ,245 lbs/111.1kg,https://www.nba.com/players/al/horford/201143
243,18 years,11/25/2000,—,Iowa State University,6 ft4 in/1.93m, Talen Horton-Tucker ,235 lbs/106.6kg,https://www.nba.com/players/talen/horton-tucker/1629659
244,26 years,06-07-1993,2016,Texas A&M,6 ft7 in/2.01m, Danuel House Jr. ,220 lbs/99.8kg,https://www.nba.com/players/danuel/house_jr./1627863
245,33 years,12-08-1985,2004,No College,6 ft11 in/2.11m, Dwight Howard ,265 lbs/120.2kg,https://www.nba.com/players/dwight/howard/2730
246,25 years,10/25/1993,—,,6 ft8 in/2.03m, William Howard ,207 lbs/93.9kg,https://www.nba.com/players/william/howard/1629739
247,20 years,08/27/1998,2018,University of Maryland,6 ft7 in/2.01m, Kevin Huerter ,190 lbs/86.2kg,https://www.nba.com/players/kevin/huerter/1628989
248,21 years,01-05-1998,2018,University of Kentucky,7 ft0 in/2.13m, Isaac Humphries ,260 lbs/117.9kg,https://www.nba.com/players/isaac/humphries/1629353
249,21 years,12-02-1997,—,University of Virginia,6 ft7 in/2.01m, De'Andre Hunter ,225 lbs/102.1kg,https://www.nba.com/players/de'andre/hunter/1629631
250,23 years,04/26/1996,2018,Boise State University,6 ft7 in/2.01m, Chandler Hutchison ,197 lbs/89.4kg,https://www.nba.com/players/chandler/hutchison/1628990
251,29 years,09/18/1989,2009,,6 ft10 in/2.08m, Serge Ibaka ,235 lbs/106.6kg,https://www.nba.com/players/serge/ibaka/201586
252,35 years,01/28/1984,2004,Arizona,6 ft6 in/1.98m, Andre Iguodala ,215 lbs/97.5kg,https://www.nba.com/players/andre/iguodala/2738
253,32 years,05/15/1987,2006,,6 ft10 in/2.08m, Ersan Ilyasova ,235 lbs/106.6kg,https://www.nba.com/players/ersan/ilyasova/101141
254,31 years,10-02-1987,2014,,6 ft8 in/2.03m, Joe Ingles ,226 lbs/102.5kg,https://www.nba.com/players/joe/ingles/204060
255,21 years,09-02-1997,2016,Duke,6 ft9 in/2.06m, Brandon Ingram ,190 lbs/86.2kg,https://www.nba.com/players/brandon/ingram/1627742
256,27 years,03/23/1992,2011,Duke,6 ft3 in/1.9m, Kyrie Irving ,193 lbs/87.5kg,https://www.nba.com/players/kyrie/irving/202681
257,21 years,10-03-1997,2017,Florida State,6 ft10 in/2.08m, Jonathan Isaac ,210 lbs/95.3kg,https://www.nba.com/players/jonathan/isaac/1628371
258,24 years,12/20/1994,2017,Kansas State,6 ft7 in/2.01m, Wes Iwundu ,195 lbs/88.5kg,https://www.nba.com/players/wes/iwundu/1628411
259,19 years,09/15/1999,2018,Michigan State University,6 ft11 in/2.11m, Jaren Jackson Jr. ,242 lbs/109.8kg,https://www.nba.com/players/jaren/jackson_jr./1628991
260,21 years,05-04-1998,2018,Duke,6 ft3 in/1.9m, Frank Jackson ,205 lbs/93.0kg,https://www.nba.com/players/frank/jackson/1628402
261,22 years,02-10-1997,2017,Kansas,6 ft8 in/2.03m, Josh Jackson ,200 lbs/90.7kg,https://www.nba.com/players/josh/jackson/1628367
262,24 years,03/28/1995,2017,North Carolina,6 ft8 in/2.03m, Justin Jackson ,210 lbs/95.3kg,https://www.nba.com/players/justin/jackson/1628382
263,29 years,04/16/1990,2011,Boston College,6 ft3 in/1.9m, Reggie Jackson ,208 lbs/94.3kg,https://www.nba.com/players/reggie/jackson/202704
264,22 years,01/24/1997,—,—,6 ft7 in/2.01m, Justin James ,190 lbs/86.2kg,https://www.nba.com/players/justin/james/1629713
265,34 years,12/30/1984,2003,No College,6 ft8 in/2.03m, LeBron James ,250 lbs/113.4kg,https://www.nba.com/players/lebron/james/2544
266,26 years,05-07-1993,2018,Duke,6 ft9 in/2.06m, Amile Jefferson ,222 lbs/100.7kg,https://www.nba.com/players/amile/jefferson/1628518
267,28 years,03-06-1991,2012,Vanderbilt,6 ft4 in/1.93m, John Jenkins ,215 lbs/97.5kg,https://www.nba.com/players/john/jenkins/203098
268,32 years,03-02-1987,2009,,6 ft10 in/2.08m, Jonas Jerebko ,231 lbs/104.8kg,https://www.nba.com/players/jonas/jerebko/201973
269,22 years,07-08-1997,—,University of Virginia,6 ft5 in/1.96m, Ty Jerome ,195 lbs/88.5kg,https://www.nba.com/players/ty/jerome/1629660
270,23 years,04/22/1996,2018,Missouri State University,6 ft9 in/2.06m, Alize Johnson ,212 lbs/96.2kg,https://www.nba.com/players/alize/johnson/1628993
271,32 years,05-01-1987,2005,No College,6 ft9 in/2.06m, Amir Johnson ,240 lbs/108.9kg,https://www.nba.com/players/amir/johnson/101161
272,23 years,03-03-1996,—,University of North Carolina at Cha,6 ft9 in/2.06m, Cameron Johnson ,205 lbs/93.0kg,https://www.nba.com/players/cameron/johnson/1629661
273,32 years,02/20/1987,2009,Wake Forest,6 ft8 in/2.03m, James Johnson ,240 lbs/108.9kg,https://www.nba.com/players/james/johnson/201949
274,19 years,10-11-1999,—,University of Kentucky,6 ft6 in/1.98m, Keldon Johnson ,211 lbs/95.7kg,https://www.nba.com/players/keldon/johnson/1629640
275,23 years,05/29/1996,2015,Arizona,6 ft7 in/2.01m, Stanley Johnson ,245 lbs/111.1kg,https://www.nba.com/players/stanley/johnson/1626169
276,27 years,05-07-1992,2014,Fresno State,6 ft4 in/1.93m, Tyler Johnson ,190 lbs/86.2kg,https://www.nba.com/players/tyler/johnson/204020
277,24 years,02/19/1995,2015,,7 ft0 in/2.13m, Nikola Jokic ,250 lbs/113.4kg,https://www.nba.com/players/nikola/jokic/203999
278,22 years,02/15/1997,2016,UNLV,6 ft7 in/2.01m, Derrick Jones Jr. ,200 lbs/90.7kg,https://www.nba.com/players/derrick/jones_jr./1627884
279,24 years,06/30/1995,2016,Vanderbilt,7 ft0 in/2.13m, Damian Jones ,245 lbs/111.1kg,https://www.nba.com/players/damian/jones/1627745
280,24 years,04-09-1995,2018,New Mexico State,6 ft5 in/1.96m, Jemerrio Jones ,174 lbs/78.9kg,https://www.nba.com/players/jemerrio/jones/1629203
281,23 years,05-10-1996,2015,Duke,6 ft2 in/1.88m, Tyus Jones ,196 lbs/88.9kg,https://www.nba.com/players/tyus/jones/1626145
282,31 years,07/21/1988,2008,Texas A&M,6 ft11 in/2.11m, DeAndre Jordan ,265 lbs/120.2kg,https://www.nba.com/players/deandre/jordan/201599
283,27 years,08/20/1991,2011,Texas,6 ft3 in/1.9m, Cory Joseph ,193 lbs/87.5kg,https://www.nba.com/players/cory/joseph/202709
284,21 years,08/14/1997,—,Florida State University,6 ft10 in/2.08m, Mfiondu Kabengele ,256 lbs/116.1kg,https://www.nba.com/players/mfiondu/kabengele/1629662
285,26 years,04-04-1993,2015,Wisconsin,7 ft0 in/2.13m, Frank Kaminsky ,240 lbs/108.9kg,https://www.nba.com/players/frank/kaminsky/1626163
286,27 years,05/20/1992,2011,Kentucky,6 ft11 in/2.11m, Enes Kanter ,250 lbs/113.4kg,https://www.nba.com/players/enes/kanter/202683
287,23 years,06/24/1996,2017,Duke,6 ft5 in/1.96m, Luke Kennard ,206 lbs/93.4kg,https://www.nba.com/players/luke/kennard/1628379
288,25 years,09/26/1993,2012,Kentucky,6 ft7 in/2.01m, Michael Kidd-Gilchrist ,232 lbs/105.2kg,https://www.nba.com/players/michael/kidd-gilchrist/203077
289,27 years,03/18/1992,—,—,6 ft7 in/2.01m, Stanton Kidd ,215 lbs/97.5kg,https://www.nba.com/players/stanton/kidd/1629742
290,25 years,01/15/1994,2018,University of Colorado Boulder,6 ft6 in/1.98m, George King ,220 lbs/99.8kg,https://www.nba.com/players/george/king/1628994
291,27 years,01/29/1992,2017,,6 ft11 in/2.11m, Maxi Kleber ,240 lbs/108.9kg,https://www.nba.com/players/maxi/kleber/1628467
292,27 years,12-02-1991,2011,Kentucky,6 ft3 in/1.9m, Brandon Knight ,195 lbs/88.5kg,https://www.nba.com/players/brandon/knight/202688
293,19 years,08-11-1999,2018,University of Kentucky,6 ft9 in/2.06m, Kevin Knox ,215 lbs/97.5kg,https://www.nba.com/players/kevin/knox/1628995
294,23 years,03/22/1996,—,—,6 ft5 in/1.96m, John Konchar ,210 lbs/95.3kg,https://www.nba.com/players/john/konchar/1629723
295,21 years,07/24/1997,2017,,6 ft7 in/2.01m, Furkan Korkmaz ,190 lbs/86.2kg,https://www.nba.com/players/furkan/korkmaz/1627788
296,24 years,07/15/1995,2017,Vanderbilt,7 ft1 in/2.16m, Luke Kornet ,250 lbs/113.4kg,https://www.nba.com/players/luke/kornet/1628436
297,38 years,03/17/1981,2003,Creighton,6 ft7 in/2.01m, Kyle Korver ,212 lbs/96.2kg,https://www.nba.com/players/kyle/korver/2594
298,30 years,02/24/1989,2008,Ohio State,7 ft0 in/2.13m, Kosta Koufos ,245 lbs/111.1kg,https://www.nba.com/players/kosta/koufos/201585
299,21 years,02-05-1998,2018,,6 ft9 in/2.06m, Rodions Kurucs ,210 lbs/95.3kg,https://www.nba.com/players/rodions/kurucs/1629066
300,23 years,07/24/1995,2017,Utah,6 ft9 in/2.06m, Kyle Kuzma ,220 lbs/99.8kg,https://www.nba.com/players/kyle/kuzma/1628398
301,23 years,03/18/1996,2016,Kentucky,6 ft11 in/2.11m, Skal Labissiere ,235 lbs/106.6kg,https://www.nba.com/players/skal/labissiere/1627746
302,27 years,05/30/1992,2012,Connecticut,6 ft5 in/1.96m, Jeremy Lamb ,185 lbs/83.9kg,https://www.nba.com/players/jeremy/lamb/203087
303,19 years,10/25/1999,—,Indiana University,6 ft6 in/1.98m, Romeo Langford ,215 lbs/97.5kg,https://www.nba.com/players/romeo/langford/1629641
304,24 years,03-10-1995,2014,UCLA,6 ft5 in/1.96m, Zach LaVine ,200 lbs/90.7kg,https://www.nba.com/players/zach/lavine/203897
305,22 years,04/30/1997,2017,UCLA,6 ft10 in/2.08m, TJ Leaf ,225 lbs/102.1kg,https://www.nba.com/players/tj/leaf/1628388
306,19 years,06/13/2000,—,,6 ft4 in/1.93m, Jalen Lecque ,185 lbs/83.9kg,https://www.nba.com/players/jalen/lecque/1629665
307,33 years,10-03-1985,2008,Western Kentucky,6 ft5 in/1.96m, Courtney Lee ,215 lbs/97.5kg,https://www.nba.com/players/courtney/lee/201584
308,26 years,10/21/1992,2017,Louisville,6 ft6 in/1.98m, Damion Lee ,210 lbs/95.3kg,https://www.nba.com/players/damion/lee/1627814
309,26 years,07/26/1992,2017,Bradley,6 ft3 in/1.9m, Walter Lemon Jr. ,180 lbs/81.6kg,https://www.nba.com/players/walter/lemon_jr./1627215
310,26 years,06/16/1993,2013,Maryland,7 ft1 in/2.16m, Alex Len ,250 lbs/113.4kg,https://www.nba.com/players/alex/len/203458
311,28 years,06/29/1991,2011,San Diego State,6 ft7 in/2.01m, Kawhi Leonard ,230 lbs/104.3kg,https://www.nba.com/players/kawhi/leonard/202695
312,27 years,02/27/1992,2012,Illinois,7 ft1 in/2.16m, Meyers Leonard ,255 lbs/115.7kg,https://www.nba.com/players/meyers/leonard/203086
313,23 years,09/29/1995,—,,6 ft9 in/2.06m, Mathias Lessort ,235 lbs/106.6kg,https://www.nba.com/players/mathias/lessort/1628406
314,30 years,05/14/1989,2011,Wisconsin,6 ft10 in/2.08m, Jon Leuer ,228 lbs/103.4kg,https://www.nba.com/players/jon/leuer/202720
315,24 years,08/25/1994,2016,Michigan,6 ft7 in/2.01m, Caris LeVert ,204 lbs/92.5kg,https://www.nba.com/players/caris/levert/1627747
316,29 years,07/15/1990,2012,Weber State,6 ft3 in/1.9m, Damian Lillard ,195 lbs/88.5kg,https://www.nba.com/players/damian/lillard/203081
317,30 years,08/23/1988,2010,Harvard,6 ft3 in/1.9m, Jeremy Lin ,200 lbs/90.7kg,https://www.nba.com/players/jeremy/lin/202391
318,19 years,02-11-2000,—,University of North Carolina at Cha,6 ft6 in/1.98m, Nassir Little ,220 lbs/99.8kg,https://www.nba.com/players/nassir/little/1629642
319,33 years,09-11-1985,2004,No College,6 ft7 in/2.01m, Shaun Livingston ,192 lbs/87.1kg,https://www.nba.com/players/shaun/livingston/2733
320,23 years,02-06-1996,2015,UCLA,6 ft9 in/2.06m, Kevon Looney ,220 lbs/99.8kg,https://www.nba.com/players/kevon/looney/1626172
321,31 years,04-01-1988,2008,Stanford,7 ft0 in/2.13m, Brook Lopez ,270 lbs/122.5kg,https://www.nba.com/players/brook/lopez/201572
322,31 years,04-01-1988,2008,Stanford,7 ft0 in/2.13m, Robin Lopez ,275 lbs/124.7kg,https://www.nba.com/players/robin/lopez/201577
323,20 years,07-02-1999,—,,6 ft6 in/1.98m, Marcos Louzada Silva ,190 lbs/86.2kg,https://www.nba.com/players/marcos/louzada_silva/1629712
324,30 years,09-07-1988,2008,UCLA,6 ft10 in/2.08m, Kevin Love ,251 lbs/113.9kg,https://www.nba.com/players/kevin/love/201567
325,33 years,03/25/1986,2006,Villanova,6 ft1 in/1.85m, Kyle Lowry ,196 lbs/88.9kg,https://www.nba.com/players/kyle/lowry/200768
326,25 years,07/27/1993,2018,Indianapolis,6 ft4 in/1.93m, Jordan Loyd ,210 lbs/95.3kg,https://www.nba.com/players/jordan/loyd/1628070
327,30 years,05/24/1989,2014,Michigan State,6 ft1 in/1.85m, Kalin Lucas ,195 lbs/88.5kg,https://www.nba.com/players/kalin/lucas/203564
328,24 years,05-09-1995,2016,,6 ft6 in/1.98m, Timothe Luwawu-Cabarrot ,210 lbs/95.3kg,https://www.nba.com/players/timothe/luwawu-cabarrot/1627789
329,23 years,04-09-1996,2017,Syracuse,6 ft10 in/2.08m, Tyler Lydon ,225 lbs/102.1kg,https://www.nba.com/players/tyler/lydon/1628399
330,23 years,11-05-1995,2015,Kentucky,6 ft10 in/2.08m, Trey Lyles ,234 lbs/106.1kg,https://www.nba.com/players/trey/lyles/1626168
331,29 years,04/22/1990,2011,Butler,6 ft3 in/1.9m, Shelvin Mack ,203 lbs/92.1kg,https://www.nba.com/players/shelvin/mack/202714
332,23 years,11/29/1995,2018,University of Arkansas,6 ft3 in/1.9m, Daryl Macon ,185 lbs/83.9kg,https://www.nba.com/players/daryl/macon/1629133
333,24 years,06-05-1995,2018,Xavier University,6 ft5 in/1.96m, J.P. Macura ,205 lbs/93.0kg,https://www.nba.com/players/j.p./macura/1629122
334,32 years,11-05-1986,2007,,6 ft11 in/2.11m, Ian Mahinmi ,262 lbs/118.8kg,https://www.nba.com/players/ian/mahinmi/101133
335,22 years,02/25/1997,2016,,7 ft1 in/2.16m, Thon Maker ,221 lbs/100.2kg,https://www.nba.com/players/thon/maker/1627748
336,22 years,10/18/1996,—,Florida State University,6 ft7 in/2.01m, Terance Mann ,215 lbs/97.5kg,https://www.nba.com/players/terance/mann/1629611
337,22 years,01-09-1997,—,,6 ft6 in/1.98m, Vanja Marinkovic ,194 lbs/88.0kg,https://www.nba.com/players/vanja/marinkovic/1629079
338,30 years,08/15/1988,2015,,7 ft3 in/2.21m, Boban Marjanovic ,290 lbs/131.5kg,https://www.nba.com/players/boban/marjanovic/1626246
339,22 years,05/22/1997,2017,Arizona,7 ft0 in/2.13m, Lauri Markkanen ,240 lbs/108.9kg,https://www.nba.com/players/lauri/markkanen/1628374
340,23 years,09/28/1995,—,North Carolina State,6 ft7 in/2.01m, Cody Martin ,205 lbs/93.0kg,https://www.nba.com/players/cody/martin/1628998
341,25 years,05/24/1994,2015,Louisiana State,6 ft10 in/2.08m, Jarell Martin ,239 lbs/108.4kg,https://www.nba.com/players/jarell/martin/1626185
342,23 years,06/19/1996,—,—,6 ft3 in/1.9m, Jeremiah Martin ,185 lbs/83.9kg,https://www.nba.com/players/jeremiah/martin/1629725
343,22 years,08/14/1996,2018,Georgia,6 ft8 in/2.03m, Yante Maten ,240 lbs/108.9kg,https://www.nba.com/players/yante/maten/1628999
344,22 years,10/24/1996,—,—,6 ft5 in/1.96m, Garrison Mathews ,204 lbs/92.5kg,https://www.nba.com/players/garrison/mathews/1629726
345,32 years,10/14/1986,2009,Marquette,6 ft5 in/1.96m, Wesley Matthews ,220 lbs/99.8kg,https://www.nba.com/players/wesley/matthews/202083
346,23 years,10/25/1995,2016,UNLV,6 ft7 in/2.01m, Patrick McCaw ,185 lbs/83.9kg,https://www.nba.com/players/patrick/mccaw/1627775
347,27 years,09/19/1991,2013,Lehigh,6 ft3 in/1.9m, CJ McCollum ,190 lbs/86.2kg,https://www.nba.com/players/cj/mccollum/203468
348,27 years,03/25/1992,2015,Arizona,6 ft2 in/1.88m, T.J. McConnell ,190 lbs/86.2kg,https://www.nba.com/players/t.j./mcconnell/204456
349,21 years,01/31/1998,—,San Diego State,6 ft10 in/2.08m, Jalen McDaniels ,192 lbs/87.1kg,https://www.nba.com/players/jalen/mcdaniels/1629667
350,27 years,01-03-1992,2014,Creighton,6 ft8 in/2.03m, Doug McDermott ,225 lbs/102.1kg,https://www.nba.com/players/doug/mcdermott/203926
351,21 years,04/13/1998,—,,6 ft5 in/1.96m, William McDowell-White ,185 lbs/83.9kg,https://www.nba.com/players/william/mcdowell-white/1629727
352,31 years,01/19/1988,2008,Nevada-Reno,7 ft0 in/2.13m, JaVale McGee ,270 lbs/122.5kg,https://www.nba.com/players/javale/mcgee/201580
353,27 years,07/29/1991,2016,Kansas State,6 ft4 in/1.93m, Rodney McGruder ,200 lbs/90.7kg,https://www.nba.com/players/rodney/mcgruder/203585
354,26 years,09/17/1992,2017,Wisc.-Green Bay,6 ft8 in/2.03m, Alfonzo McKinnie ,215 lbs/97.5kg,https://www.nba.com/players/alfonzo/mckinnie/1628035
355,28 years,03/28/1991,2015,Tennessee,6 ft5 in/1.96m, Jordan McRae ,179 lbs/81.2kg,https://www.nba.com/players/jordan/mcrae/203895
356,31 years,08/21/1987,2009,Kentucky,6 ft4 in/1.93m, Jodie Meeks ,210 lbs/95.3kg,https://www.nba.com/players/jodie/meeks/201975
357,33 years,06/15/1986,2015,,7 ft2 in/2.18m, Salah Mejri ,235 lbs/106.6kg,https://www.nba.com/players/salah/mejri/1626257
358,21 years,05/28/1998,2018,University of Southern California,6 ft4 in/1.93m, De'Anthony Melton ,200 lbs/90.7kg,https://www.nba.com/players/de'anthony/melton/1629001
359,22 years,03/22/1997,2018,University of Southern California,6 ft10 in/2.08m, Chimezie Metu ,225 lbs/102.1kg,https://www.nba.com/players/chimezie/metu/1629002
360,27 years,08-12-1991,2012,Texas A&M,6 ft8 in/2.03m, Khris Middleton ,222 lbs/100.7kg,https://www.nba.com/players/khris/middleton/203114
361,32 years,03/18/1987,2005,No College,6 ft6 in/1.98m, CJ Miles ,220 lbs/99.8kg,https://www.nba.com/players/cj/miles/101139
362,29 years,03/21/1990,2012,Kentucky,6 ft8 in/2.03m, Darius Miller ,225 lbs/102.1kg,https://www.nba.com/players/darius/miller/203121
363,26 years,03-06-1993,2017,Holy Cross,6 ft7 in/2.01m, Malcolm Miller ,210 lbs/95.3kg,https://www.nba.com/players/malcolm/miller/1626259
364,34 years,02-10-1985,2006,Louisiana Tech,6 ft8 in/2.03m, Paul Millsap ,246 lbs/111.6kg,https://www.nba.com/players/paul/millsap/200794
365,30 years,08-11-1988,2009,St. Mary's (CA),6 ft0 in/1.83m, Patty Mills ,180 lbs/81.6kg,https://www.nba.com/players/patty/mills/201988
366,22 years,09/26/1996,2018,Southern Methodist University,6 ft6 in/1.98m, Shake Milton ,207 lbs/93.9kg,https://www.nba.com/players/shake/milton/1629003
367,28 years,02-11-1991,2014,,6 ft10 in/2.08m, Nikola Mirotic ,250 lbs/113.4kg,https://www.nba.com/players/nikola/mirotic/202703
368,22 years,09-07-1996,2017,Louisville,6 ft3 in/1.9m, Donovan Mitchell ,215 lbs/97.5kg,https://www.nba.com/players/donovan/mitchell/1628378
369,25 years,08-03-1993,2017,Iowa State,6 ft4 in/1.93m, Naz Mitrou-Long ,218 lbs/98.9kg,https://www.nba.com/players/naz/mitrou-long/1628513
370,21 years,07/18/1998,—,,6 ft5 in/1.96m, Adam Mokoka ,210 lbs/95.3kg,https://www.nba.com/players/adam/mokoka/1629690
371,21 years,02-04-1998,2017,Kentucky,6 ft3 in/1.9m, Malik Monk ,200 lbs/90.7kg,https://www.nba.com/players/malik/monk/1628370
372,29 years,06-04-1990,2010,Georgetown,6 ft11 in/2.11m, Greg Monroe ,265 lbs/120.2kg,https://www.nba.com/players/greg/monroe/202328
373,24 years,05/13/1995,2017,Southern Methodist,6 ft8 in/2.03m, Ben Moore ,220 lbs/99.8kg,https://www.nba.com/players/ben/moore/1628500
374,30 years,02/25/1989,2011,Purdue,6 ft4 in/1.93m, E'Twaun Moore ,191 lbs/86.6kg,https://www.nba.com/players/e'twaun/moore/202734
375,19 years,08-10-1999,—,Murray State University,6 ft3 in/1.9m, Ja Morant ,175 lbs/79.4kg,https://www.nba.com/players/ja/morant/1629630
376,27 years,12/24/1991,2014,Oregon State,6 ft10 in/2.08m, Eric Moreland ,238 lbs/108.0kg,https://www.nba.com/players/eric/moreland/203961
377,29 years,09-02-1989,2011,Kansas,6 ft9 in/2.06m, Marcus Morris ,235 lbs/106.6kg,https://www.nba.com/players/marcus/morris/202694
378,29 years,09-02-1989,2011,Kansas,6 ft10 in/2.08m, Markieff Morris ,245 lbs/111.1kg,https://www.nba.com/players/markieff/morris/202693
379,24 years,06/27/1995,2017,Iowa State,6 ft3 in/1.9m, Monte Morris ,175 lbs/79.4kg,https://www.nba.com/players/monte/morris/1628420
380,28 years,09/20/1990,2012,Lithuania,7 ft0 in/2.13m, Donatas Motiejunas ,220 lbs/99.8kg,https://www.nba.com/players/donatas/motiejunas/202700
381,24 years,05-04-1995,2017,Baylor,6 ft10 in/2.08m, Johnathan Motley ,230 lbs/104.3kg,https://www.nba.com/players/johnathan/motley/1628405
382,33 years,07/16/1986,2010,,7 ft1 in/2.16m, Timofey Mozgov ,275 lbs/124.7kg,https://www.nba.com/players/timofey/mozgov/202389
383,23 years,03-05-1996,2015,,6 ft5 in/1.96m, Emmanuel Mudiay ,200 lbs/90.7kg,https://www.nba.com/players/emmanuel/mudiay/1626144
384,22 years,09/19/1996,2016,Washington,6 ft5 in/1.96m, Dejounte Murray ,170 lbs/77.1kg,https://www.nba.com/players/dejounte/murray/1627749
385,22 years,02/23/1997,2016,Kentucky,6 ft4 in/1.93m, Jamal Murray ,207 lbs/93.9kg,https://www.nba.com/players/jamal/murray/1627750
386,20 years,05-08-1999,2018,,6 ft9 in/2.06m, Dzanan Musa ,208 lbs/94.3kg,https://www.nba.com/players/dzanan/musa/1629058
387,28 years,07-01-1991,2013,Bucknell,6 ft11 in/2.11m, Mike Muscala ,240 lbs/108.9kg,https://www.nba.com/players/mike/muscala/203488
388,22 years,06-10-1997,2018,University of Kansas,6 ft8 in/2.03m, Svi Mykhailiuk ,205 lbs/93.0kg,https://www.nba.com/players/svi/mykhailiuk/1629004
389,25 years,09/25/1993,2017,Iowa State,6 ft6 in/1.98m, Abdel Nader ,225 lbs/102.1kg,https://www.nba.com/players/abdel/nader/1627846
390,26 years,01-01-1993,2015,Wyoming,6 ft9 in/2.06m, Larry Nance Jr. ,230 lbs/104.3kg,https://www.nba.com/players/larry/nance_jr./1626204
391,28 years,07/14/1991,2014,Connecticut,6 ft1 in/1.85m, Shabazz Napier ,180 lbs/81.6kg,https://www.nba.com/players/shabazz/napier/203894
392,36 years,09/13/1982,2002,,6 ft11 in/2.11m, Nene  ,250 lbs/113.4kg,https://www.nba.com/players/nene/2403
393,27 years,05/19/1992,2015,,6 ft1 in/1.85m, Raul Neto ,179 lbs/81.2kg,https://www.nba.com/players/raul/neto/203526
394,26 years,06/17/1993,2016,Iowa State,6 ft8 in/2.03m, Georges Niang ,230 lbs/104.3kg,https://www.nba.com/players/georges/niang/1627777
395,34 years,02/25/1985,2007,Florida,6 ft11 in/2.11m, Joakim Noah ,230 lbs/104.3kg,https://www.nba.com/players/joakim/noah/201149
396,25 years,04-10-1994,2014,Kentucky,6 ft11 in/2.11m, Nerlens Noel ,220 lbs/99.8kg,https://www.nba.com/players/nerlens/noel/203457
397,21 years,12-09-1997,—,Gonzaga University,6 ft5 in/1.96m, Zach Norvell Jr. ,206 lbs/93.4kg,https://www.nba.com/players/zach/norvell_jr./1629668
398,20 years,07-09-1999,—,University of Washington,6 ft4 in/1.93m, Jaylen Nowell ,202 lbs/91.6kg,https://www.nba.com/players/jaylen/nowell/1629669
399,20 years,07/28/1998,2017,,6 ft6 in/1.98m, Frank Ntilikina ,200 lbs/90.7kg,https://www.nba.com/players/frank/ntilikina/1628373
400,23 years,08-03-1995,—,Oakland University,6 ft3 in/1.9m, Kendrick Nunn ,195 lbs/88.5kg,https://www.nba.com/players/kendrick/nunn/1629134
401,24 years,08/23/1994,2014,,7 ft0 in/2.13m, Jusuf Nurkic ,275 lbs/124.7kg,https://www.nba.com/players/jusuf/nurkic/203994
402,26 years,01/14/1993,2016,Cal Poly-Obispo,6 ft4 in/1.93m, David Nwaba ,219 lbs/99.3kg,https://www.nba.com/players/david/nwaba/1628021
403,26 years,06-05-1993,2017,Baylor,6 ft6 in/1.98m, Royce O'Neale ,226 lbs/102.5kg,https://www.nba.com/players/royce/o'neale/1626220
404,29 years,03/26/1990,2012,Norfolk State,6 ft10 in/2.08m, Kyle O'Quinn ,250 lbs/113.4kg,https://www.nba.com/players/kyle/o'quinn/203124
405,24 years,12-05-1994,2017,Southern Methodist,6 ft7 in/2.01m, Semi Ojeleye ,241 lbs/109.3kg,https://www.nba.com/players/semi/ojeleye/1628400
406,23 years,12/15/1995,2015,Duke,6 ft11 in/2.11m, Jahlil Okafor ,275 lbs/124.7kg,https://www.nba.com/players/jahlil/okafor/1626143
407,20 years,08/18/1998,—,Auburn University,6 ft8 in/2.03m, Chuma Okeke ,230 lbs/104.3kg,https://www.nba.com/players/chuma/okeke/1629643
408,21 years,10/23/1997,2018,,6 ft3 in/1.9m, Elie Okobo ,190 lbs/86.2kg,https://www.nba.com/players/elie/okobo/1629059
409,20 years,09-01-1998,2018,Georgia Institute of Technology,6 ft4 in/1.93m, Josh Okogie ,212 lbs/96.2kg,https://www.nba.com/players/josh/okogie/1629006
410,20 years,04/28/1999,—,Stanford University,6 ft9 in/2.06m, KZ Okpala ,210 lbs/95.3kg,https://www.nba.com/players/kz/okpala/1629644
411,27 years,05-04-1992,2013,Indiana,6 ft4 in/1.93m, Victor Oladipo ,210 lbs/95.3kg,https://www.nba.com/players/victor/oladipo/203506
412,28 years,04/19/1991,2013,Gonzaga,7 ft0 in/2.13m, Kelly Olynyk ,240 lbs/108.9kg,https://www.nba.com/players/kelly/olynyk/203482
413,21 years,08-04-1997,—,Yale University,6 ft6 in/1.98m, Miye Oni ,206 lbs/93.4kg,https://www.nba.com/players/miye/oni/1629671
414,24 years,04-08-1995,2017,,6 ft8 in/2.03m, Cedi Osman ,215 lbs/97.5kg,https://www.nba.com/players/cedi/osman/1626224
415,23 years,12-09-1995,2015,Kansas,6 ft7 in/2.01m, Kelly Oubre Jr. ,205 lbs/93.0kg,https://www.nba.com/players/kelly/oubre_jr./1626162
416,35 years,02-10-1984,2003,"Tbilisi, Georgia",6 ft11 in/2.11m, Zaza Pachulia ,270 lbs/122.5kg,https://www.nba.com/players/zaza/pachulia/2585
417,24 years,03/15/1995,2014,Duke,6 ft8 in/2.03m, Jabari Parker ,245 lbs/111.1kg,https://www.nba.com/players/jabari/parker/203953
418,30 years,10/25/1988,2011,Florida,6 ft10 in/2.08m, Chandler Parsons ,230 lbs/104.3kg,https://www.nba.com/players/chandler/parsons/202718
419,22 years,11-04-1996,—,Villanova University,6 ft7 in/2.01m, Eric Paschall ,254 lbs/115.2kg,https://www.nba.com/players/eric/paschall/1629672
420,30 years,03/14/1989,2010,Kentucky,6 ft9 in/2.06m, Patrick Patterson ,230 lbs/104.3kg,https://www.nba.com/players/patrick/patterson/202335
421,34 years,05-06-1985,2005,Wake Forest,6 ft0 in/1.83m, Chris Paul ,175 lbs/79.4kg,https://www.nba.com/players/chris/paul/101108
422,25 years,02/22/1994,2014,Louisana-Lafayette,6 ft4 in/1.93m, Elfrid Payton ,185 lbs/83.9kg,https://www.nba.com/players/elfrid/payton/203901
423,26 years,02-03-1993,—,Iona,6 ft11 in/2.11m, Norvel Pelle ,216 lbs/98.0kg,https://www.nba.com/players/norvel/pelle/203658
424,25 years,08-10-1993,—,West Virginia,6 ft3 in/1.9m, Tarik Phillip ,195 lbs/88.5kg,https://www.nba.com/players/tarik/phillip/1629341
425,23 years,11-05-1995,2018,University of North Carolina at Cha,6 ft6 in/1.98m, Theo Pinson ,218 lbs/98.9kg,https://www.nba.com/players/theo/pinson/1629033
426,29 years,03-05-1990,2013,Duke,6 ft11 in/2.11m, Mason Plumlee ,235 lbs/106.6kg,https://www.nba.com/players/mason/plumlee/203486
427,30 years,09-01-1988,2012,Duke,6 ft11 in/2.11m, Miles Plumlee ,249 lbs/112.9kg,https://www.nba.com/players/miles/plumlee/203101
428,23 years,10/15/1995,2016,Utah,7 ft0 in/2.13m, Jakob Poeltl ,230 lbs/104.3kg,https://www.nba.com/players/jakob/poeltl/1627751
429,23 years,10/17/1995,—,—,7 ft0 in/2.13m, Vincent Poirier ,255 lbs/115.7kg,https://www.nba.com/players/vincent/poirier/1629738
430,31 years,03-10-1988,2010,Washington,6 ft7 in/2.01m, Quincy Pondexter ,230 lbs/104.3kg,https://www.nba.com/players/quincy/pondexter/202347
431,21 years,06/29/1998,—,St. John's University,6 ft1 in/1.85m, Shamorie Ponds ,180 lbs/81.6kg,https://www.nba.com/players/shamorie/ponds/1629044
432,20 years,06/19/1999,—,University of Michigan,6 ft5 in/1.96m, Jordan Poole ,191 lbs/86.6kg,https://www.nba.com/players/jordan/poole/1629673
433,19 years,05-04-2000,—,University of Southern California,6 ft6 in/1.98m, Kevin Porter Jr. ,216 lbs/98.0kg,https://www.nba.com/players/kevin/porter_jr./1629645
434,21 years,06/29/1998,—,University of Missouri,6 ft10 in/2.08m, Michael Porter Jr. ,210 lbs/95.3kg,https://www.nba.com/players/michael/porter_jr./1629008
435,26 years,06-03-1993,2013,Georgetown,6 ft8 in/2.03m, Otto Porter Jr. ,198 lbs/89.8kg,https://www.nba.com/players/otto/porter_jr./203490
436,24 years,02-10-1995,2015,Arkansas,6 ft11 in/2.11m, Bobby Portis ,250 lbs/113.4kg,https://www.nba.com/players/bobby/portis/1626171
437,23 years,08-02-1995,2015,,7 ft3 in/2.21m, Kristaps Porzingis ,240 lbs/108.9kg,https://www.nba.com/players/kristaps/porzingis/204001
438,28 years,07/20/1991,2014,Stanford,6 ft11 in/2.11m, Dwight Powell ,240 lbs/108.9kg,https://www.nba.com/players/dwight/powell/203939
439,26 years,05/25/1993,2015,UCLA,6 ft4 in/1.93m, Norman Powell ,215 lbs/97.5kg,https://www.nba.com/players/norman/powell/1626181
440,25 years,09-06-1993,2016,Kentucky,6 ft9 in/2.06m, Alex Poythress ,235 lbs/106.6kg,https://www.nba.com/players/alex/poythress/1627816
441,25 years,03/22/1994,2016,Baylor,6 ft8 in/2.03m, Taurean Prince ,220 lbs/99.8kg,https://www.nba.com/players/taurean/prince/1627752
442,22 years,02-04-1997,2017,"University of California, Berkeley",6 ft10 in/2.08m, Ivan Rabb ,220 lbs/99.8kg,https://www.nba.com/players/ivan/rabb/1628397
443,24 years,11/29/1994,2014,Kentucky,6 ft9 in/2.06m, Julius Randle ,250 lbs/113.4kg,https://www.nba.com/players/julius/randle/203944
444,19 years,09-01-1999,—,Duke University,6 ft8 in/2.03m, Cameron Reddish ,208 lbs/94.3kg,https://www.nba.com/players/cameron/reddish/1629629
445,35 years,06/24/1984,2006,Duke,6 ft4 in/1.93m, JJ Redick ,200 lbs/90.7kg,https://www.nba.com/players/jj/redick/200755
446,24 years,06-11-1995,2017,Miami,6 ft5 in/1.96m, Davon Reed ,208 lbs/94.3kg,https://www.nba.com/players/davon/reed/1628432
447,24 years,02-07-1995,2018,Tulane University,6 ft8 in/2.03m, Cameron Reynolds ,225 lbs/102.1kg,https://www.nba.com/players/cameron/reynolds/1629244
448,25 years,09/15/1993,2015,Tennessee,6 ft6 in/1.98m, Josh Richardson ,200 lbs/90.7kg,https://www.nba.com/players/josh/richardson/1626196
449,26 years,08-01-1992,2012,Duke,6 ft4 in/1.93m, Austin Rivers ,200 lbs/90.7kg,https://www.nba.com/players/austin/rivers/203085
450,27 years,12-04-1991,2013,Colorado,6 ft7 in/2.01m, Andre Roberson ,210 lbs/95.3kg,https://www.nba.com/players/andre/roberson/203460
451,25 years,01-08-1994,2014,Michigan,6 ft6 in/1.98m, Glenn Robinson III ,222 lbs/100.7kg,https://www.nba.com/players/glenn/robinson_iii/203922
452,25 years,04/22/1994,2018,Michigan,6 ft8 in/2.03m, Duncan Robinson ,210 lbs/95.3kg,https://www.nba.com/players/duncan/robinson/1629130
453,22 years,02/22/1997,2018,Boston College,6 ft5 in/1.96m, Jerome Robinson ,190 lbs/86.2kg,https://www.nba.com/players/jerome/robinson/1629010
454,21 years,12-10-1997,—,Virginia Tech,6 ft2 in/1.88m, Justin Robinson ,195 lbs/88.5kg,https://www.nba.com/players/justin/robinson/1629620
455,21 years,04-01-1998,2018,Western Kentucky University,7 ft1 in/2.16m, Mitchell Robinson ,240 lbs/108.9kg,https://www.nba.com/players/mitchell/robinson/1629011
456,21 years,02-03-1998,—,University of Nebraska?Lincoln,6 ft8 in/2.03m, Isaiah Roby ,214 lbs/97.1kg,https://www.nba.com/players/isaiah/roby/1629676
457,33 years,02/22/1986,2006,,6 ft1 in/1.85m, Rajon Rondo ,186 lbs/84.4kg,https://www.nba.com/players/rajon/rondo/200765
458,30 years,10-04-1988,2008,Memphis,6 ft3 in/1.9m, Derrick Rose ,200 lbs/90.7kg,https://www.nba.com/players/derrick/rose/201565
459,28 years,02-05-1991,2012,Washington,6 ft7 in/2.01m, Terrence Ross ,206 lbs/93.4kg,https://www.nba.com/players/terrence/ross/203082
460,25 years,03/17/1994,2015,Louisville,6 ft1 in/1.85m, Terry Rozier ,190 lbs/86.2kg,https://www.nba.com/players/terry/rozier/1626179
461,28 years,10/21/1990,2011,,6 ft4 in/1.93m, Ricky Rubio ,190 lbs/86.2kg,https://www.nba.com/players/ricky/rubio/201937
462,23 years,02/23/1996,2015,Ohio State,6 ft5 in/1.96m, D'Angelo Russell ,198 lbs/89.8kg,https://www.nba.com/players/d'angelo/russell/1626156
463,23 years,05-03-1996,2016,Gonzaga,6 ft11 in/2.11m, Domantas Sabonis ,240 lbs/108.9kg,https://www.nba.com/players/domantas/sabonis/1627734
464,19 years,01-09-2000,—,,6 ft11 in/2.11m, Luka Samanic ,227 lbs/103.0kg,https://www.nba.com/players/luka/samanic/1629677
465,22 years,05-01-1997,2018,Louisiana State University,6 ft5 in/1.96m, Brandon Sampson ,184 lbs/83.5kg,https://www.nba.com/players/brandon/sampson/1629102
466,25 years,04-08-1994,2016,,6 ft10 in/2.08m, Dario Saric ,223 lbs/101.2kg,https://www.nba.com/players/dario/saric/203967
467,27 years,10/30/1991,2016,,6 ft7 in/2.01m, Tomas Satoransky ,210 lbs/95.3kg,https://www.nba.com/players/tomas/satoransky/203107
468,22 years,03/30/1997,—,University of Tennessee,6 ft5 in/1.96m, Admiral Schofield ,241 lbs/109.3kg,https://www.nba.com/players/admiral/schofield/1629678
469,25 years,09/15/1993,2013,,6 ft1 in/1.85m, Dennis Schroder ,172 lbs/78.0kg,https://www.nba.com/players/dennis/schroder/203471
470,31 years,07/16/1988,2012,Virginia,6 ft8 in/2.03m, Mike Scott ,237 lbs/107.5kg,https://www.nba.com/players/mike/scott/203118
471,35 years,05-02-1984,2006,,6 ft7 in/2.01m, Thabo Sefolosha ,220 lbs/99.8kg,https://www.nba.com/players/thabo/sefolosha/200757
472,24 years,09/30/1994,2016,Kansas,6 ft5 in/1.96m, Wayne Selden ,230 lbs/104.3kg,https://www.nba.com/players/wayne/selden/1627782
473,20 years,01-04-1999,2018,University of Alabama,6 ft2 in/1.88m, Collin Sexton ,190 lbs/86.2kg,https://www.nba.com/players/collin/sexton/1629012
474,22 years,03/13/1997,2018,Wichita State University,6 ft5 in/1.96m, Landry Shamet ,188 lbs/85.3kg,https://www.nba.com/players/landry/shamet/1629013
475,23 years,07/26/1995,—,Iowa State University,6 ft5 in/1.96m, Marial Shayok ,196 lbs/88.9kg,https://www.nba.com/players/marial/shayok/1629621
476,29 years,06/26/1990,2011,Georgia Tech,6 ft5 in/1.96m, Iman Shumpert ,215 lbs/97.5kg,https://www.nba.com/players/iman/shumpert/202697
477,25 years,04-02-1994,2016,New Mexico State,6 ft9 in/2.06m, Pascal Siakam ,230 lbs/104.3kg,https://www.nba.com/players/pascal/siakam/1627783
478,22 years,09/19/1996,—,University of South Carolina,6 ft9 in/2.06m, Chris Silva ,225 lbs/102.1kg,https://www.nba.com/players/chris/silva/1629735
479,23 years,07/20/1996,2017,Louisiana State,6 ft10 in/2.08m, Ben Simmons ,230 lbs/104.3kg,https://www.nba.com/players/ben/simmons/1627732
480,20 years,06-08-1999,2018,,6 ft4 in/1.93m, Anfernee Simons ,185 lbs/83.9kg,https://www.nba.com/players/anfernee/simons/1629014
481,19 years,06-10-2000,—,,6 ft8 in/2.03m, Deividas Sirvydis ,190 lbs/86.2kg,https://www.nba.com/players/deividas/sirvydis/1629686
482,18 years,08/18/2000,—,,6 ft9 in/2.06m, Alen Smailagic ,216 lbs/98.0kg,https://www.nba.com/players/alen/smailagic/1629346
483,25 years,03-06-1994,2014,Oklahoma State,6 ft4 in/1.93m, Marcus Smart ,220 lbs/99.8kg,https://www.nba.com/players/marcus/smart/203935
484,21 years,11/25/1997,2017,North Carolina State,6 ft3 in/1.9m, Dennis Smith Jr. ,195 lbs/88.5kg,https://www.nba.com/players/dennis/smith_jr./1628372
485,31 years,07-05-1988,2010,Wake Forest,6 ft0 in/1.83m, Ish Smith ,175 lbs/79.4kg,https://www.nba.com/players/ish/smith/202397
486,20 years,06-04-1999,2018,Texas Tech University,6 ft4 in/1.93m, Zhaire Smith ,199 lbs/90.3kg,https://www.nba.com/players/zhaire/smith/1629015
487,27 years,11-10-1991,2013,,6 ft7 in/2.01m, Tony Snell ,213 lbs/96.6kg,https://www.nba.com/players/tony/snell/203503
488,22 years,03-11-1997,2018,Louisville,6 ft10 in/2.08m, Ray Spalding ,215 lbs/97.5kg,https://www.nba.com/players/ray/spalding/1629034
489,22 years,07/21/1997,2018,Villanova University,6 ft9 in/2.06m, Omari Spellman ,245 lbs/111.1kg,https://www.nba.com/players/omari/spellman/1629016
490,25 years,10-07-1993,2014,Michigan,6 ft6 in/1.98m, Nik Stauskas ,205 lbs/93.0kg,https://www.nba.com/players/nik/stauskas/203917
491,28 years,09-05-1990,2010,Cincinnati,6 ft6 in/1.98m, Lance Stephenson ,230 lbs/104.3kg,https://www.nba.com/players/lance/stephenson/202362
492,23 years,12/31/1995,2017,Xavier,6 ft6 in/1.98m, Edmond Sumner ,176 lbs/79.8kg,https://www.nba.com/players/edmond/sumner/1628410
493,22 years,04/18/1997,2017,Purdue,6 ft9 in/2.06m, Caleb Swanigan ,250 lbs/113.4kg,https://www.nba.com/players/caleb/swanigan/1628403
494,21 years,03-03-1998,2017,Duke,6 ft8 in/2.03m, Jayson Tatum ,208 lbs/94.3kg,https://www.nba.com/players/jayson/tatum/1628369
495,31 years,06-10-1988,2009,Wake Forest,6 ft2 in/1.88m, Jeff Teague ,195 lbs/88.5kg,https://www.nba.com/players/jeff/teague/201952
496,33 years,05-08-1986,2009,Louisiana State,6 ft6 in/1.98m, Garrett Temple ,195 lbs/88.5kg,https://www.nba.com/players/garrett/temple/202066
497,24 years,02-10-1995,2018,—,6 ft3 in/1.9m, Jared Terrell ,227 lbs/103.0kg,https://www.nba.com/players/jared/terrell/1629123
498,27 years,04-04-1992,2017,,6 ft8 in/2.03m, Daniel Theis ,243 lbs/110.2kg,https://www.nba.com/players/daniel/theis/1628464
499,30 years,02-07-1989,2011,Washington,5 ft9 in/1.75m, Isaiah Thomas ,185 lbs/83.9kg,https://www.nba.com/players/isaiah/thomas/202738
500,23 years,05-08-1996,2018,Creighton University,6 ft3 in/1.9m, Khyri Thomas ,210 lbs/95.3kg,https://www.nba.com/players/khyri/thomas/1629017
501,31 years,04/24/1988,2011,Duke,6 ft8 in/2.03m, Lance Thomas ,240 lbs/108.9kg,https://www.nba.com/players/lance/thomas/202498
502,29 years,02-08-1990,2011,Washington State,6 ft7 in/2.01m, Klay Thompson ,215 lbs/97.5kg,https://www.nba.com/players/klay/thompson/202691
503,28 years,03/13/1991,2011,Texas,6 ft10 in/2.08m, Tristan Thompson ,238 lbs/108.0kg,https://www.nba.com/players/tristan/thompson/202684
504,24 years,11/15/1994,2017,South Carolina,6 ft5 in/1.96m, Sindarius Thornwell ,215 lbs/97.5kg,https://www.nba.com/players/sindarius/thornwell/1628414
505,22 years,03-04-1997,—,University of Washington,6 ft5 in/1.96m, Matisse Thybulle ,200 lbs/90.7kg,https://www.nba.com/players/matisse/thybulle/1629680
506,34 years,06-01-1985,2008,Creighton,6 ft8 in/2.03m, Anthony Tolliver ,250 lbs/113.4kg,https://www.nba.com/players/anthony/tolliver/201229
507,23 years,11/15/1995,2015,Kentucky,7 ft0 in/2.13m, Karl-Anthony Towns ,248 lbs/112.5kg,https://www.nba.com/players/karl-anthony/towns/1626157
508,20 years,01/18/1999,2018,Duke University,6 ft6 in/1.98m, Gary Trent Jr. ,205 lbs/93.0kg,https://www.nba.com/players/gary/trent_jr./1629018
509,23 years,01/17/1996,2018,University of Arizona,6 ft5 in/1.96m, Allonzo Trier ,200 lbs/90.7kg,https://www.nba.com/players/allonzo/trier/1629019
510,34 years,05-05-1985,2006,Texas,6 ft6 in/1.98m, PJ Tucker ,245 lbs/111.1kg,https://www.nba.com/players/pj/tucker/200782
511,30 years,10/27/1988,2010,Ohio State,6 ft7 in/2.01m, Evan Turner ,220 lbs/99.8kg,https://www.nba.com/players/evan/turner/202323
512,23 years,03/24/1996,2015,Texas,6 ft11 in/2.11m, Myles Turner ,250 lbs/113.4kg,https://www.nba.com/players/myles/turner/1626167
513,32 years,05/20/1987,2010,Baylor,6 ft10 in/2.08m, Ekpe Udoh ,245 lbs/111.1kg,https://www.nba.com/players/ekpe/udoh/202327
514,27 years,05-06-1992,2012,,7 ft0 in/2.13m, Jonas Valanciunas ,265 lbs/120.2kg,https://www.nba.com/players/jonas/valanciunas/202685
515,25 years,11/16/1993,2016,Michigan State,6 ft6 in/1.98m, Denzel Valentine ,210 lbs/95.3kg,https://www.nba.com/players/denzel/valentine/1627756
516,20 years,04-03-1999,2018,University of Kentucky,6 ft9 in/2.06m, Jarred Vanderbilt ,214 lbs/97.1kg,https://www.nba.com/players/jarred/vanderbilt/1629020
517,25 years,02/25/1994,2016,Wichita State,6 ft0 in/1.83m, Fred VanVleet ,195 lbs/88.5kg,https://www.nba.com/players/fred/vanvleet/1627832
518,28 years,10/24/1990,2011,USC,7 ft0 in/2.13m, Nikola Vucevic ,260 lbs/117.9kg,https://www.nba.com/players/nikola/vucevic/202696
519,22 years,11/20/1996,—,Kansas State,6 ft10 in/2.08m, Dean Wade ,228 lbs/103.4kg,https://www.nba.com/players/dean/wade/1629731
520,22 years,04/26/1997,2018,University of Michigan,6 ft11 in/2.11m, Moritz Wagner ,245 lbs/111.1kg,https://www.nba.com/players/moritz/wagner/1629021
521,27 years,12-10-1991,2012,Syracuse,6 ft4 in/1.93m, Dion Waiters ,215 lbs/97.5kg,https://www.nba.com/players/dion/waiters/203079
522,20 years,12/14/1998,2018,University of Miami,6 ft5 in/1.96m, Lonnie Walker IV ,205 lbs/93.0kg,https://www.nba.com/players/lonnie/walker_iv/1629022
523,29 years,05-08-1990,2011,Connecticut,6 ft1 in/1.85m, Kemba Walker ,184 lbs/83.5kg,https://www.nba.com/players/kemba/walker/202689
524,25 years,06-10-1994,2017,California,6 ft5 in/1.96m, Tyrone Wallace ,198 lbs/89.8kg,https://www.nba.com/players/tyrone/wallace/1627820
525,28 years,09-06-1990,2010,Kentucky,6 ft4 in/1.93m, John Wall ,210 lbs/95.3kg,https://www.nba.com/players/john/wall/202322
526,29 years,07/25/1989,2018,—,6 ft4 in/1.93m, Brad Wanamaker ,210 lbs/95.3kg,https://www.nba.com/players/brad/wanamaker/202954
527,25 years,09-05-1993,2014,North Carolina State,6 ft8 in/2.03m, T.J. Warren ,215 lbs/97.5kg,https://www.nba.com/players/t.j./warren/203933
528,27 years,12/18/1991,2018,Texas-El Paso,6 ft8 in/2.03m, Julian Washburn ,209 lbs/94.8kg,https://www.nba.com/players/julian/washburn/1627395
529,20 years,08/23/1998,—,University of Kentucky,6 ft7 in/2.01m, P.J. Washington ,236 lbs/107.0kg,https://www.nba.com/players/p.j./washington/1629023
530,24 years,10/13/1994,2018,—,6 ft9 in/2.06m, Yuta Watanabe ,205 lbs/93.0kg,https://www.nba.com/players/yuta/watanabe/1629139
531,21 years,01-10-1998,—,Louisiana State,5 ft11 in/1.8m, Tremont Waters ,172 lbs/78.0kg,https://www.nba.com/players/tremont/waters/1629682
532,22 years,09-10-1996,—,Mississippi State University,6 ft4 in/1.93m, Quinndary Weatherspoon ,207 lbs/93.9kg,https://www.nba.com/players/quinndary/weatherspoon/1629683
533,23 years,02-03-1996,2018,—,7 ft0 in/2.13m, Thomas Welsh ,255 lbs/115.7kg,https://www.nba.com/players/thomas/welsh/1629118
534,30 years,11-12-1988,2008,UCLA,6 ft3 in/1.9m, Russell Westbrook ,200 lbs/90.7kg,https://www.nba.com/players/russell/westbrook/201566
535,19 years,02/16/2000,—,University of North Carolina at Cha,6 ft5 in/1.96m, Coby White ,191 lbs/86.6kg,https://www.nba.com/players/coby/white/1629632
536,25 years,07-02-1994,2017,Colorado,6 ft4 in/1.93m, Derrick White ,190 lbs/86.2kg,https://www.nba.com/players/derrick/white/1628401
537,24 years,03-08-1995,2016,Seton Hall,6 ft4 in/1.93m, Isaiah Whitehead ,213 lbs/96.6kg,https://www.nba.com/players/isaiah/whitehead/1627785
538,30 years,06/13/1989,2010,Marshall,7 ft0 in/2.13m, Hassan Whiteside ,265 lbs/120.2kg,https://www.nba.com/players/hassan/whiteside/202355
539,24 years,02/23/1995,2014,Kansas,6 ft8 in/2.03m, Andrew Wiggins ,194 lbs/88.0kg,https://www.nba.com/players/andrew/wiggins/203952
540,21 years,10/17/1997,2018,Texas A&M University,6 ft10 in/2.08m, Robert Williams III ,240 lbs/108.9kg,https://www.nba.com/players/robert/williams_iii/1629057
541,—,—,—,—,#NAME?, Nigel Williams-Goss ,"
              —
          /—",https://www.nba.com/players/nigel/williams-goss/1628430
542,26 years,01/28/1993,2015,Cal-Santa Barbara,6 ft8 in/2.03m, Alan Williams ,265 lbs/120.2kg,https://www.nba.com/players/alan/williams/1626210
543,29 years,02-06-1990,2017,North Carolina State,6 ft5 in/1.96m, C.J. Williams ,226 lbs/102.5kg,https://www.nba.com/players/c.j./williams/203710
544,20 years,11/30/1998,—,University of Tennessee,6 ft7 in/2.01m, Grant Williams ,240 lbs/108.9kg,https://www.nba.com/players/grant/williams/1629684
545,24 years,05/22/1995,2018,Gonzaga University,6 ft9 in/2.06m, Johnathan Williams ,228 lbs/103.4kg,https://www.nba.com/players/johnathan/williams/1629140
546,24 years,12-02-1994,2018,Texas Christian University,6 ft7 in/2.01m, Kenrich Williams ,210 lbs/95.3kg,https://www.nba.com/players/kenrich/williams/1629026
547,32 years,10/27/1986,2005,No College,6 ft1 in/1.85m, Lou Williams ,175 lbs/79.4kg,https://www.nba.com/players/lou/williams/101150
548,33 years,06/19/1986,2005,North Carolina,6 ft9 in/2.06m, Marvin Williams ,237 lbs/107.5kg,https://www.nba.com/players/marvin/williams/101107
549,19 years,07-06-2000,—,Duke University,6 ft7 in/2.01m, Zion Williamson ,285 lbs/129.3kg,https://www.nba.com/players/zion/williamson/1629627
550,24 years,12/30/1994,2016,Indiana,6 ft7 in/2.01m, Troy Williams ,218 lbs/98.9kg,https://www.nba.com/players/troy/williams/1627786
551,23 years,02/19/1996,2017,Michigan,6 ft10 in/2.08m, D.J. Wilson ,231 lbs/104.8kg,https://www.nba.com/players/d.j./wilson/1628391
552,22 years,09/22/1996,—,Belmont University,6 ft8 in/2.03m, Dylan Windler ,196 lbs/88.9kg,https://www.nba.com/players/dylan/windler/1629685
553,23 years,03/26/1996,2015,Duke,6 ft7 in/2.01m, Justise Winslow ,225 lbs/102.1kg,https://www.nba.com/players/justise/winslow/1626159
554,21 years,10/27/1997,—,Hofstra University,6 ft2 in/1.88m, Justin Wright-Foreman ,190 lbs/86.2kg,https://www.nba.com/players/justin/wright-foreman/1629625
555,27 years,04/26/1992,2015,Utah,6 ft5 in/1.96m, Delon Wright ,183 lbs/83.0kg,https://www.nba.com/players/delon/wright/1626153
556,31 years,06/21/1988,2007,Georgia Tech,6 ft8 in/2.03m, Thaddeus Young ,221 lbs/100.2kg,https://www.nba.com/players/thaddeus/young/201152
557,20 years,09/19/1998,2018,University of Oklahoma,6 ft2 in/1.88m, Trae Young ,180 lbs/81.6kg,https://www.nba.com/players/trae/young/1629027
558,26 years,10-05-1992,2013,Indiana,7 ft0 in/2.13m, Cody Zeller ,240 lbs/108.9kg,https://www.nba.com/players/cody/zeller/203469
559,29 years,01/17/1990,2012,North Carolina,7 ft0 in/2.13m, Tyler Zeller ,253 lbs/114.8kg,https://www.nba.com/players/tyler/zeller/203092
560,22 years,01-04-1997,2017,,6 ft11 in/2.11m, Ante Zizic ,254 lbs/115.2kg,https://www.nba.com/players/ante/zizic/1627790
561,22 years,03/18/1997,2016,,7 ft1 in/2.16m, Ivica Zubac ,240 lbs/108.9kg,https://www.nba.com/players/ivica/zubac/1627826
